case_id,query_id,query,problem_category,episode,source_case,source_url,source_verification_status,split
1,1_q1,"How can an organization deal with surviving an active, hidden, and asymmetric death trap orchestrated by a powerful competitor without raising immediate public or political alarm?",Crisis Management & Asymmetric Warfare,The Escape from the House of Lac,Mahabharata Critical Edition by BORI / Kisari Mohan Ganguli Translation,https://www.sacred-texts.com/hin/maha/m01/m01144.htm,Verified - BORI Adi Parva Jatugriha Section,train
1,1_q2,"What strategy could help when surviving an active, hidden, and asymmetric death trap orchestrated by a powerful competitor without raising immediate public or political alarm?",Crisis Management & Asymmetric Warfare,The Escape from the House of Lac,Mahabharata Critical Edition by BORI / Kisari Mohan Ganguli Translation,https://www.sacred-texts.com/hin/maha/m01/m01144.htm,Verified - BORI Adi Parva Jatugriha Section,train
1,1_q3,"How can a business respond to surviving an active, hidden, and asymmetric death trap orchestrated by a powerful competitor without raising immediate public or political alarm?",Crisis Management & Asymmetric Warfare,The Escape from the House of Lac,Mahabharata Critical Edition by BORI / Kisari Mohan Ganguli Translation,https://www.sacred-texts.com/hin/maha/m01/m01144.htm,Verified - BORI Adi Parva Jatugriha Section,train
1,1_q4,"What is a strategic way to handle surviving an active, hidden, and asymmetric death trap orchestrated by a powerful competitor without raising immediate public or political alarm?",Crisis Management & Asymmetric Warfare,The Escape from the House of Lac,Mahabharata Critical Edition by BORI / Kisari Mohan Ganguli Translation,https://www.sacred-texts.com/hin/maha/m01/m01144.htm,Verified - BORI Adi Parva Jatugriha Section,train
1,1_q5,How could a company address a corporation uncovers a hostile insider threat or espionage operation designed to wipe out its core assets or infrastructure?,Crisis Management & Asymmetric Warfare,The Escape from the House of Lac,Mahabharata Critical Edition by BORI / Kisari Mohan Ganguli Translation,https://www.sacred-texts.com/hin/maha/m01/m01144.htm,Verified - BORI Adi Parva Jatugriha Section,train
1,1_q6,"What can an organization learn from a situation involving surviving an active, hidden, and asymmetric death trap orchestrated by a powerful competitor without raising immediate public or political alarm?",Crisis Management & Asymmetric Warfare,The Escape from the House of Lac,Mahabharata Critical Edition by BORI / Kisari Mohan Ganguli Translation,https://www.sacred-texts.com/hin/maha/m01/m01144.htm,Verified - BORI Adi Parva Jatugriha Section,train
1,1_q7,How might a smaller organization approach a corporation uncovers a hostile insider threat or espionage operation designed to wipe out its core assets or infrastructure?,Crisis Management & Asymmetric Warfare,The Escape from the House of Lac,Mahabharata Critical Edition by BORI / Kisari Mohan Ganguli Translation,https://www.sacred-texts.com/hin/maha/m01/m01144.htm,Verified - BORI Adi Parva Jatugriha Section,train
1,1_q8,"What strategic response fits a situation where surviving an active, hidden, and asymmetric death trap orchestrated by a powerful competitor without raising immediate public or political alarm?",Crisis Management & Asymmetric Warfare,The Escape from the House of Lac,Mahabharata Critical Edition by BORI / Kisari Mohan Ganguli Translation,https://www.sacred-texts.com/hin/maha/m01/m01144.htm,Verified - BORI Adi Parva Jatugriha Section,train
1,1_q9,How can leaders manage a corporation uncovers a hostile insider threat or espionage operation designed to wipe out its core assets or infrastructure?,Crisis Management & Asymmetric Warfare,The Escape from the House of Lac,Mahabharata Critical Edition by BORI / Kisari Mohan Ganguli Translation,https://www.sacred-texts.com/hin/maha/m01/m01144.htm,Verified - BORI Adi Parva Jatugriha Section,train
1,1_q10,"What approach can be used when surviving an active, hidden, and asymmetric death trap orchestrated by a powerful competitor without raising immediate public or political alarm?",Crisis Management & Asymmetric Warfare,The Escape from the House of Lac,Mahabharata Critical Edition by BORI / Kisari Mohan Ganguli Translation,https://www.sacred-texts.com/hin/maha/m01/m01144.htm,Verified - BORI Adi Parva Jatugriha Section,train
2,2_q1,How can an organization deal with securing a powerful geopolitical partner without revealing their identity prematurely or triggering a pre-emptive strike from rivals?,Strategic Alliance & M&A,Draupadi Swayamvara Alliance Formation,Mahabharata Critical Edition by BORI / Kisari Mohan Ganguli Translation,https://www.sacred-texts.com/hin/maha/m01/m01187.htm,Verified - BORI Adi Parva Swayamvara Section,train
2,2_q2,What strategy could help when securing a powerful geopolitical partner without revealing their identity prematurely or triggering a pre-emptive strike from rivals?,Strategic Alliance & M&A,Draupadi Swayamvara Alliance Formation,Mahabharata Critical Edition by BORI / Kisari Mohan Ganguli Translation,https://www.sacred-texts.com/hin/maha/m01/m01187.htm,Verified - BORI Adi Parva Swayamvara Section,train
2,2_q3,How can a business respond to securing a powerful geopolitical partner without revealing their identity prematurely or triggering a pre-emptive strike from rivals?,Strategic Alliance & M&A,Draupadi Swayamvara Alliance Formation,Mahabharata Critical Edition by BORI / Kisari Mohan Ganguli Translation,https://www.sacred-texts.com/hin/maha/m01/m01187.htm,Verified - BORI Adi Parva Swayamvara Section,train
2,2_q4,What is a strategic way to handle securing a powerful geopolitical partner without revealing their identity prematurely or triggering a pre-emptive strike from rivals?,Strategic Alliance & M&A,Draupadi Swayamvara Alliance Formation,Mahabharata Critical Edition by BORI / Kisari Mohan Ganguli Translation,https://www.sacred-texts.com/hin/maha/m01/m01187.htm,Verified - BORI Adi Parva Swayamvara Section,train
2,2_q5,How could a company address a bootstrapped startup needs to secure a major enterprise partnership or venture capital without giving up its proprietary trade secrets early?,Strategic Alliance & M&A,Draupadi Swayamvara Alliance Formation,Mahabharata Critical Edition by BORI / Kisari Mohan Ganguli Translation,https://www.sacred-texts.com/hin/maha/m01/m01187.htm,Verified - BORI Adi Parva Swayamvara Section,train
2,2_q6,What can an organization learn from a situation involving securing a powerful geopolitical partner without revealing their identity prematurely or triggering a pre-emptive strike from rivals?,Strategic Alliance & M&A,Draupadi Swayamvara Alliance Formation,Mahabharata Critical Edition by BORI / Kisari Mohan Ganguli Translation,https://www.sacred-texts.com/hin/maha/m01/m01187.htm,Verified - BORI Adi Parva Swayamvara Section,train
2,2_q7,How might a smaller organization approach a bootstrapped startup needs to secure a major enterprise partnership or venture capital without giving up its proprietary trade secrets early?,Strategic Alliance & M&A,Draupadi Swayamvara Alliance Formation,Mahabharata Critical Edition by BORI / Kisari Mohan Ganguli Translation,https://www.sacred-texts.com/hin/maha/m01/m01187.htm,Verified - BORI Adi Parva Swayamvara Section,train
2,2_q8,What strategic response fits a situation where securing a powerful geopolitical partner without revealing their identity prematurely or triggering a pre-emptive strike from rivals?,Strategic Alliance & M&A,Draupadi Swayamvara Alliance Formation,Mahabharata Critical Edition by BORI / Kisari Mohan Ganguli Translation,https://www.sacred-texts.com/hin/maha/m01/m01187.htm,Verified - BORI Adi Parva Swayamvara Section,train
2,2_q9,How can leaders manage a bootstrapped startup needs to secure a major enterprise partnership or venture capital without giving up its proprietary trade secrets early?,Strategic Alliance & M&A,Draupadi Swayamvara Alliance Formation,Mahabharata Critical Edition by BORI / Kisari Mohan Ganguli Translation,https://www.sacred-texts.com/hin/maha/m01/m01187.htm,Verified - BORI Adi Parva Swayamvara Section,train
2,2_q10,What approach can be used when securing a powerful geopolitical partner without revealing their identity prematurely or triggering a pre-emptive strike from rivals?,Strategic Alliance & M&A,Draupadi Swayamvara Alliance Formation,Mahabharata Critical Edition by BORI / Kisari Mohan Ganguli Translation,https://www.sacred-texts.com/hin/maha/m01/m01187.htm,Verified - BORI Adi Parva Swayamvara Section,train
3,3_q1,"How can an organization deal with neutralizing a militarily superior superpower without initiating a massive, resource-draining world war?",Competitive Strategy & Asymmetric Warfare,The Subjugation of Jarasandha,Mahabharata Critical Edition by BORI / Kisari Mohan Ganguli Translation,https://www.sacred-texts.com/hin/maha/m02/m02021.htm,Verified - BORI Sabha Parva Jarasandhabadha Section,train
3,3_q2,"What strategy could help when neutralizing a militarily superior superpower without initiating a massive, resource-draining world war?",Competitive Strategy & Asymmetric Warfare,The Subjugation of Jarasandha,Mahabharata Critical Edition by BORI / Kisari Mohan Ganguli Translation,https://www.sacred-texts.com/hin/maha/m02/m02021.htm,Verified - BORI Sabha Parva Jarasandhabadha Section,train
3,3_q3,"How can a business respond to neutralizing a militarily superior superpower without initiating a massive, resource-draining world war?",Competitive Strategy & Asymmetric Warfare,The Subjugation of Jarasandha,Mahabharata Critical Edition by BORI / Kisari Mohan Ganguli Translation,https://www.sacred-texts.com/hin/maha/m02/m02021.htm,Verified - BORI Sabha Parva Jarasandhabadha Section,train
3,3_q4,"What is a strategic way to handle neutralizing a militarily superior superpower without initiating a massive, resource-draining world war?",Competitive Strategy & Asymmetric Warfare,The Subjugation of Jarasandha,Mahabharata Critical Edition by BORI / Kisari Mohan Ganguli Translation,https://www.sacred-texts.com/hin/maha/m02/m02021.htm,Verified - BORI Sabha Parva Jarasandhabadha Section,train
3,3_q5,How could a company address a market challenger needs to disrupt an incumbent monopoly that holds exclusive control over the industry supply chain?,Competitive Strategy & Asymmetric Warfare,The Subjugation of Jarasandha,Mahabharata Critical Edition by BORI / Kisari Mohan Ganguli Translation,https://www.sacred-texts.com/hin/maha/m02/m02021.htm,Verified - BORI Sabha Parva Jarasandhabadha Section,train
3,3_q6,"What can an organization learn from a situation involving neutralizing a militarily superior superpower without initiating a massive, resource-draining world war?",Competitive Strategy & Asymmetric Warfare,The Subjugation of Jarasandha,Mahabharata Critical Edition by BORI / Kisari Mohan Ganguli Translation,https://www.sacred-texts.com/hin/maha/m02/m02021.htm,Verified - BORI Sabha Parva Jarasandhabadha Section,train
3,3_q7,How might a smaller organization approach a market challenger needs to disrupt an incumbent monopoly that holds exclusive control over the industry supply chain?,Competitive Strategy & Asymmetric Warfare,The Subjugation of Jarasandha,Mahabharata Critical Edition by BORI / Kisari Mohan Ganguli Translation,https://www.sacred-texts.com/hin/maha/m02/m02021.htm,Verified - BORI Sabha Parva Jarasandhabadha Section,train
3,3_q8,"What strategic response fits a situation where neutralizing a militarily superior superpower without initiating a massive, resource-draining world war?",Competitive Strategy & Asymmetric Warfare,The Subjugation of Jarasandha,Mahabharata Critical Edition by BORI / Kisari Mohan Ganguli Translation,https://www.sacred-texts.com/hin/maha/m02/m02021.htm,Verified - BORI Sabha Parva Jarasandhabadha Section,train
3,3_q9,How can leaders manage a market challenger needs to disrupt an incumbent monopoly that holds exclusive control over the industry supply chain?,Competitive Strategy & Asymmetric Warfare,The Subjugation of Jarasandha,Mahabharata Critical Edition by BORI / Kisari Mohan Ganguli Translation,https://www.sacred-texts.com/hin/maha/m02/m02021.htm,Verified - BORI Sabha Parva Jarasandhabadha Section,train
3,3_q10,"What approach can be used when neutralizing a militarily superior superpower without initiating a massive, resource-draining world war?",Competitive Strategy & Asymmetric Warfare,The Subjugation of Jarasandha,Mahabharata Critical Edition by BORI / Kisari Mohan Ganguli Translation,https://www.sacred-texts.com/hin/maha/m02/m02021.htm,Verified - BORI Sabha Parva Jarasandhabadha Section,train
4,4_q1,"How can an organization deal with managing systemic operational risk and cognitive bias when trapped in an unfamiliar, rigged competitive framework?",Risk Management & Cognitive Bias,The First Game of Dice,Mahabharata Critical Edition by BORI / Kisari Mohan Ganguli Translation,https://www.sacred-texts.com/hin/maha/m02/m02058.htm,Verified - BORI Sabha Parva Dyuta Section,train
4,4_q2,"What strategy could help when managing systemic operational risk and cognitive bias when trapped in an unfamiliar, rigged competitive framework?",Risk Management & Cognitive Bias,The First Game of Dice,Mahabharata Critical Edition by BORI / Kisari Mohan Ganguli Translation,https://www.sacred-texts.com/hin/maha/m02/m02058.htm,Verified - BORI Sabha Parva Dyuta Section,train
4,4_q3,"How can a business respond to managing systemic operational risk and cognitive bias when trapped in an unfamiliar, rigged competitive framework?",Risk Management & Cognitive Bias,The First Game of Dice,Mahabharata Critical Edition by BORI / Kisari Mohan Ganguli Translation,https://www.sacred-texts.com/hin/maha/m02/m02058.htm,Verified - BORI Sabha Parva Dyuta Section,train
4,4_q4,"What is a strategic way to handle managing systemic operational risk and cognitive bias when trapped in an unfamiliar, rigged competitive framework?",Risk Management & Cognitive Bias,The First Game of Dice,Mahabharata Critical Edition by BORI / Kisari Mohan Ganguli Translation,https://www.sacred-texts.com/hin/maha/m02/m02058.htm,Verified - BORI Sabha Parva Dyuta Section,train
4,4_q5,"How could a company address an investor falling prey to the 'sunk cost fallacy', pouring millions into a failing asset class or rigged market framework?",Risk Management & Cognitive Bias,The First Game of Dice,Mahabharata Critical Edition by BORI / Kisari Mohan Ganguli Translation,https://www.sacred-texts.com/hin/maha/m02/m02058.htm,Verified - BORI Sabha Parva Dyuta Section,train
4,4_q6,"What can an organization learn from a situation involving managing systemic operational risk and cognitive bias when trapped in an unfamiliar, rigged competitive framework?",Risk Management & Cognitive Bias,The First Game of Dice,Mahabharata Critical Edition by BORI / Kisari Mohan Ganguli Translation,https://www.sacred-texts.com/hin/maha/m02/m02058.htm,Verified - BORI Sabha Parva Dyuta Section,train
4,4_q7,"How might a smaller organization approach an investor falling prey to the 'sunk cost fallacy', pouring millions into a failing asset class or rigged market framework?",Risk Management & Cognitive Bias,The First Game of Dice,Mahabharata Critical Edition by BORI / Kisari Mohan Ganguli Translation,https://www.sacred-texts.com/hin/maha/m02/m02058.htm,Verified - BORI Sabha Parva Dyuta Section,train
4,4_q8,"What strategic response fits a situation where managing systemic operational risk and cognitive bias when trapped in an unfamiliar, rigged competitive framework?",Risk Management & Cognitive Bias,The First Game of Dice,Mahabharata Critical Edition by BORI / Kisari Mohan Ganguli Translation,https://www.sacred-texts.com/hin/maha/m02/m02058.htm,Verified - BORI Sabha Parva Dyuta Section,train
4,4_q9,"How can leaders manage an investor falling prey to the 'sunk cost fallacy', pouring millions into a failing asset class or rigged market framework?",Risk Management & Cognitive Bias,The First Game of Dice,Mahabharata Critical Edition by BORI / Kisari Mohan Ganguli Translation,https://www.sacred-texts.com/hin/maha/m02/m02058.htm,Verified - BORI Sabha Parva Dyuta Section,train
4,4_q10,"What approach can be used when managing systemic operational risk and cognitive bias when trapped in an unfamiliar, rigged competitive framework?",Risk Management & Cognitive Bias,The First Game of Dice,Mahabharata Critical Edition by BORI / Kisari Mohan Ganguli Translation,https://www.sacred-texts.com/hin/maha/m02/m02058.htm,Verified - BORI Sabha Parva Dyuta Section,train
5,5_q1,How can an organization deal with upgrading long-term technological and r&d capabilities during a forced period of operational downtime (exile)?,Resource & Capability Building,Arjuna's Quest for Celestial Weapons (Indrakila),Mahabharata Critical Edition by BORI / Kisari Mohan Ganguli Translation,https://www.sacred-texts.com/hin/maha/m03/m03037.htm,Verified - BORI Vana Parva Kairata Section,train
5,5_q2,What strategy could help when upgrading long-term technological and r&d capabilities during a forced period of operational downtime (exile)?,Resource & Capability Building,Arjuna's Quest for Celestial Weapons (Indrakila),Mahabharata Critical Edition by BORI / Kisari Mohan Ganguli Translation,https://www.sacred-texts.com/hin/maha/m03/m03037.htm,Verified - BORI Vana Parva Kairata Section,train
5,5_q3,How can a business respond to upgrading long-term technological and r&d capabilities during a forced period of operational downtime (exile)?,Resource & Capability Building,Arjuna's Quest for Celestial Weapons (Indrakila),Mahabharata Critical Edition by BORI / Kisari Mohan Ganguli Translation,https://www.sacred-texts.com/hin/maha/m03/m03037.htm,Verified - BORI Vana Parva Kairata Section,train
5,5_q4,What is a strategic way to handle upgrading long-term technological and r&d capabilities during a forced period of operational downtime (exile)?,Resource & Capability Building,Arjuna's Quest for Celestial Weapons (Indrakila),Mahabharata Critical Edition by BORI / Kisari Mohan Ganguli Translation,https://www.sacred-texts.com/hin/maha/m03/m03037.htm,Verified - BORI Vana Parva Kairata Section,train
5,5_q5,How could a company address a firm realizes its tech stack is obsolete compared to global giants and needs a total digital transformation during a market downturn?,Resource & Capability Building,Arjuna's Quest for Celestial Weapons (Indrakila),Mahabharata Critical Edition by BORI / Kisari Mohan Ganguli Translation,https://www.sacred-texts.com/hin/maha/m03/m03037.htm,Verified - BORI Vana Parva Kairata Section,train
5,5_q6,What can an organization learn from a situation involving upgrading long-term technological and r&d capabilities during a forced period of operational downtime (exile)?,Resource & Capability Building,Arjuna's Quest for Celestial Weapons (Indrakila),Mahabharata Critical Edition by BORI / Kisari Mohan Ganguli Translation,https://www.sacred-texts.com/hin/maha/m03/m03037.htm,Verified - BORI Vana Parva Kairata Section,train
5,5_q7,How might a smaller organization approach a firm realizes its tech stack is obsolete compared to global giants and needs a total digital transformation during a market downturn?,Resource & Capability Building,Arjuna's Quest for Celestial Weapons (Indrakila),Mahabharata Critical Edition by BORI / Kisari Mohan Ganguli Translation,https://www.sacred-texts.com/hin/maha/m03/m03037.htm,Verified - BORI Vana Parva Kairata Section,train
5,5_q8,What strategic response fits a situation where upgrading long-term technological and r&d capabilities during a forced period of operational downtime (exile)?,Resource & Capability Building,Arjuna's Quest for Celestial Weapons (Indrakila),Mahabharata Critical Edition by BORI / Kisari Mohan Ganguli Translation,https://www.sacred-texts.com/hin/maha/m03/m03037.htm,Verified - BORI Vana Parva Kairata Section,train
5,5_q9,How can leaders manage a firm realizes its tech stack is obsolete compared to global giants and needs a total digital transformation during a market downturn?,Resource & Capability Building,Arjuna's Quest for Celestial Weapons (Indrakila),Mahabharata Critical Edition by BORI / Kisari Mohan Ganguli Translation,https://www.sacred-texts.com/hin/maha/m03/m03037.htm,Verified - BORI Vana Parva Kairata Section,train
5,5_q10,What approach can be used when upgrading long-term technological and r&d capabilities during a forced period of operational downtime (exile)?,Resource & Capability Building,Arjuna's Quest for Celestial Weapons (Indrakila),Mahabharata Critical Edition by BORI / Kisari Mohan Ganguli Translation,https://www.sacred-texts.com/hin/maha/m03/m03037.htm,Verified - BORI Vana Parva Kairata Section,train
6,6_q1,How can an organization deal with deciding whether to defend an existential internal rival when they are attacked by an external threat that compromises systemic stability?,Crisis Governance & Reputation Management,The Ghoshayatra Rescue,Mahabharata Critical Edition by BORI / Kisari Mohan Ganguli Translation,https://www.sacred-texts.com/hin/maha/m03/m03242.htm,Verified - BORI Vana Parva Ghoshayatra Section,train
6,6_q2,What strategy could help when deciding whether to defend an existential internal rival when they are attacked by an external threat that compromises systemic stability?,Crisis Governance & Reputation Management,The Ghoshayatra Rescue,Mahabharata Critical Edition by BORI / Kisari Mohan Ganguli Translation,https://www.sacred-texts.com/hin/maha/m03/m03242.htm,Verified - BORI Vana Parva Ghoshayatra Section,train
6,6_q3,How can a business respond to deciding whether to defend an existential internal rival when they are attacked by an external threat that compromises systemic stability?,Crisis Governance & Reputation Management,The Ghoshayatra Rescue,Mahabharata Critical Edition by BORI / Kisari Mohan Ganguli Translation,https://www.sacred-texts.com/hin/maha/m03/m03242.htm,Verified - BORI Vana Parva Ghoshayatra Section,train
6,6_q4,What is a strategic way to handle deciding whether to defend an existential internal rival when they are attacked by an external threat that compromises systemic stability?,Crisis Governance & Reputation Management,The Ghoshayatra Rescue,Mahabharata Critical Edition by BORI / Kisari Mohan Ganguli Translation,https://www.sacred-texts.com/hin/maha/m03/m03242.htm,Verified - BORI Vana Parva Ghoshayatra Section,train
6,6_q5,How could a company address two domestic corporate rivals must decide whether to cooperate against an aggressive foreign monopoly attacking the national ecosystem?,Crisis Governance & Reputation Management,The Ghoshayatra Rescue,Mahabharata Critical Edition by BORI / Kisari Mohan Ganguli Translation,https://www.sacred-texts.com/hin/maha/m03/m03242.htm,Verified - BORI Vana Parva Ghoshayatra Section,train
6,6_q6,What can an organization learn from a situation involving deciding whether to defend an existential internal rival when they are attacked by an external threat that compromises systemic stability?,Crisis Governance & Reputation Management,The Ghoshayatra Rescue,Mahabharata Critical Edition by BORI / Kisari Mohan Ganguli Translation,https://www.sacred-texts.com/hin/maha/m03/m03242.htm,Verified - BORI Vana Parva Ghoshayatra Section,train
6,6_q7,How might a smaller organization approach two domestic corporate rivals must decide whether to cooperate against an aggressive foreign monopoly attacking the national ecosystem?,Crisis Governance & Reputation Management,The Ghoshayatra Rescue,Mahabharata Critical Edition by BORI / Kisari Mohan Ganguli Translation,https://www.sacred-texts.com/hin/maha/m03/m03242.htm,Verified - BORI Vana Parva Ghoshayatra Section,train
6,6_q8,What strategic response fits a situation where deciding whether to defend an existential internal rival when they are attacked by an external threat that compromises systemic stability?,Crisis Governance & Reputation Management,The Ghoshayatra Rescue,Mahabharata Critical Edition by BORI / Kisari Mohan Ganguli Translation,https://www.sacred-texts.com/hin/maha/m03/m03242.htm,Verified - BORI Vana Parva Ghoshayatra Section,train
6,6_q9,How can leaders manage two domestic corporate rivals must decide whether to cooperate against an aggressive foreign monopoly attacking the national ecosystem?,Crisis Governance & Reputation Management,The Ghoshayatra Rescue,Mahabharata Critical Edition by BORI / Kisari Mohan Ganguli Translation,https://www.sacred-texts.com/hin/maha/m03/m03242.htm,Verified - BORI Vana Parva Ghoshayatra Section,train
6,6_q10,What approach can be used when deciding whether to defend an existential internal rival when they are attacked by an external threat that compromises systemic stability?,Crisis Governance & Reputation Management,The Ghoshayatra Rescue,Mahabharata Critical Edition by BORI / Kisari Mohan Ganguli Translation,https://www.sacred-texts.com/hin/maha/m03/m03242.htm,Verified - BORI Vana Parva Ghoshayatra Section,train
7,7_q1,How can an organization deal with managing risk and maintaining organizational presence by completely disguising core strategic assets within a secondary host system?,Risk Management & Survival Strategy,Incognito Exile at Matsya Kingdom (Agnatavasa),Mahabharata Critical Edition by BORI / Kisari Mohan Ganguli Translation,https://www.sacred-texts.com/hin/maha/m04/m04001.htm,Verified - BORI Virata Parva Pandavapravesha Section,test
7,7_q2,What strategy could help when managing risk and maintaining organizational presence by completely disguising core strategic assets within a secondary host system?,Risk Management & Survival Strategy,Incognito Exile at Matsya Kingdom (Agnatavasa),Mahabharata Critical Edition by BORI / Kisari Mohan Ganguli Translation,https://www.sacred-texts.com/hin/maha/m04/m04001.htm,Verified - BORI Virata Parva Pandavapravesha Section,test
7,7_q3,How can a business respond to managing risk and maintaining organizational presence by completely disguising core strategic assets within a secondary host system?,Risk Management & Survival Strategy,Incognito Exile at Matsya Kingdom (Agnatavasa),Mahabharata Critical Edition by BORI / Kisari Mohan Ganguli Translation,https://www.sacred-texts.com/hin/maha/m04/m04001.htm,Verified - BORI Virata Parva Pandavapravesha Section,test
7,7_q4,What is a strategic way to handle managing risk and maintaining organizational presence by completely disguising core strategic assets within a secondary host system?,Risk Management & Survival Strategy,Incognito Exile at Matsya Kingdom (Agnatavasa),Mahabharata Critical Edition by BORI / Kisari Mohan Ganguli Translation,https://www.sacred-texts.com/hin/maha/m04/m04001.htm,Verified - BORI Virata Parva Pandavapravesha Section,test
7,7_q5,How could a company address a brand facing severe regulatory backlash needs to keep its core product development stealthy to prevent competitor sabotage?,Risk Management & Survival Strategy,Incognito Exile at Matsya Kingdom (Agnatavasa),Mahabharata Critical Edition by BORI / Kisari Mohan Ganguli Translation,https://www.sacred-texts.com/hin/maha/m04/m04001.htm,Verified - BORI Virata Parva Pandavapravesha Section,test
7,7_q6,What can an organization learn from a situation involving managing risk and maintaining organizational presence by completely disguising core strategic assets within a secondary host system?,Risk Management & Survival Strategy,Incognito Exile at Matsya Kingdom (Agnatavasa),Mahabharata Critical Edition by BORI / Kisari Mohan Ganguli Translation,https://www.sacred-texts.com/hin/maha/m04/m04001.htm,Verified - BORI Virata Parva Pandavapravesha Section,test
7,7_q7,How might a smaller organization approach a brand facing severe regulatory backlash needs to keep its core product development stealthy to prevent competitor sabotage?,Risk Management & Survival Strategy,Incognito Exile at Matsya Kingdom (Agnatavasa),Mahabharata Critical Edition by BORI / Kisari Mohan Ganguli Translation,https://www.sacred-texts.com/hin/maha/m04/m04001.htm,Verified - BORI Virata Parva Pandavapravesha Section,test
7,7_q8,What strategic response fits a situation where managing risk and maintaining organizational presence by completely disguising core strategic assets within a secondary host system?,Risk Management & Survival Strategy,Incognito Exile at Matsya Kingdom (Agnatavasa),Mahabharata Critical Edition by BORI / Kisari Mohan Ganguli Translation,https://www.sacred-texts.com/hin/maha/m04/m04001.htm,Verified - BORI Virata Parva Pandavapravesha Section,test
7,7_q9,How can leaders manage a brand facing severe regulatory backlash needs to keep its core product development stealthy to prevent competitor sabotage?,Risk Management & Survival Strategy,Incognito Exile at Matsya Kingdom (Agnatavasa),Mahabharata Critical Edition by BORI / Kisari Mohan Ganguli Translation,https://www.sacred-texts.com/hin/maha/m04/m04001.htm,Verified - BORI Virata Parva Pandavapravesha Section,test
7,7_q10,What approach can be used when managing risk and maintaining organizational presence by completely disguising core strategic assets within a secondary host system?,Risk Management & Survival Strategy,Incognito Exile at Matsya Kingdom (Agnatavasa),Mahabharata Critical Edition by BORI / Kisari Mohan Ganguli Translation,https://www.sacred-texts.com/hin/maha/m04/m04001.htm,Verified - BORI Virata Parva Pandavapravesha Section,test
8,8_q1,"How can an organization deal with leading an under-prepared, panicked defense force against an elite group of market leaders?",Crisis Leadership & Tactical Execution,The Cattle Raid of Matsya (Go-harana),Mahabharata Critical Edition by BORI / Kisari Mohan Ganguli Translation,https://www.sacred-texts.com/hin/maha/m04/m04037.htm,Verified - BORI Virata Parva Goharanaparva,train
8,8_q2,"What strategy could help when leading an under-prepared, panicked defense force against an elite group of market leaders?",Crisis Leadership & Tactical Execution,The Cattle Raid of Matsya (Go-harana),Mahabharata Critical Edition by BORI / Kisari Mohan Ganguli Translation,https://www.sacred-texts.com/hin/maha/m04/m04037.htm,Verified - BORI Virata Parva Goharanaparva,train
8,8_q3,"How can a business respond to leading an under-prepared, panicked defense force against an elite group of market leaders?",Crisis Leadership & Tactical Execution,The Cattle Raid of Matsya (Go-harana),Mahabharata Critical Edition by BORI / Kisari Mohan Ganguli Translation,https://www.sacred-texts.com/hin/maha/m04/m04037.htm,Verified - BORI Virata Parva Goharanaparva,train
8,8_q4,"What is a strategic way to handle leading an under-prepared, panicked defense force against an elite group of market leaders?",Crisis Leadership & Tactical Execution,The Cattle Raid of Matsya (Go-harana),Mahabharata Critical Edition by BORI / Kisari Mohan Ganguli Translation,https://www.sacred-texts.com/hin/maha/m04/m04037.htm,Verified - BORI Virata Parva Goharanaparva,train
8,8_q5,"How could a company address a junior executive or interim ceo faces a sudden, massive market onslaught from legacy competitors while senior leadership is incapacitated?",Crisis Leadership & Tactical Execution,The Cattle Raid of Matsya (Go-harana),Mahabharata Critical Edition by BORI / Kisari Mohan Ganguli Translation,https://www.sacred-texts.com/hin/maha/m04/m04037.htm,Verified - BORI Virata Parva Goharanaparva,train
8,8_q6,"What can an organization learn from a situation involving leading an under-prepared, panicked defense force against an elite group of market leaders?",Crisis Leadership & Tactical Execution,The Cattle Raid of Matsya (Go-harana),Mahabharata Critical Edition by BORI / Kisari Mohan Ganguli Translation,https://www.sacred-texts.com/hin/maha/m04/m04037.htm,Verified - BORI Virata Parva Goharanaparva,train
8,8_q7,"How might a smaller organization approach a junior executive or interim ceo faces a sudden, massive market onslaught from legacy competitors while senior leadership is incapacitated?",Crisis Leadership & Tactical Execution,The Cattle Raid of Matsya (Go-harana),Mahabharata Critical Edition by BORI / Kisari Mohan Ganguli Translation,https://www.sacred-texts.com/hin/maha/m04/m04037.htm,Verified - BORI Virata Parva Goharanaparva,train
8,8_q8,"What strategic response fits a situation where leading an under-prepared, panicked defense force against an elite group of market leaders?",Crisis Leadership & Tactical Execution,The Cattle Raid of Matsya (Go-harana),Mahabharata Critical Edition by BORI / Kisari Mohan Ganguli Translation,https://www.sacred-texts.com/hin/maha/m04/m04037.htm,Verified - BORI Virata Parva Goharanaparva,train
8,8_q9,"How can leaders manage a junior executive or interim ceo faces a sudden, massive market onslaught from legacy competitors while senior leadership is incapacitated?",Crisis Leadership & Tactical Execution,The Cattle Raid of Matsya (Go-harana),Mahabharata Critical Edition by BORI / Kisari Mohan Ganguli Translation,https://www.sacred-texts.com/hin/maha/m04/m04037.htm,Verified - BORI Virata Parva Goharanaparva,train
8,8_q10,"What approach can be used when leading an under-prepared, panicked defense force against an elite group of market leaders?",Crisis Leadership & Tactical Execution,The Cattle Raid of Matsya (Go-harana),Mahabharata Critical Edition by BORI / Kisari Mohan Ganguli Translation,https://www.sacred-texts.com/hin/maha/m04/m04037.htm,Verified - BORI Virata Parva Goharanaparva,train
9,9_q1,"How can an organization deal with choosing between raw volume of low-tier resources vs. a single, supreme strategic asset?",Resource Allocation & Procurement,Securing Sri Krishna's Alliance,Mahabharata Critical Edition by BORI / Kisari Mohan Ganguli Translation,https://www.sacred-texts.com/hin/maha/m05/m05007.htm,Verified - BORI Udyoga Parva Senauyoga Section,train
9,9_q2,"What strategy could help when choosing between raw volume of low-tier resources vs. a single, supreme strategic asset?",Resource Allocation & Procurement,Securing Sri Krishna's Alliance,Mahabharata Critical Edition by BORI / Kisari Mohan Ganguli Translation,https://www.sacred-texts.com/hin/maha/m05/m05007.htm,Verified - BORI Udyoga Parva Senauyoga Section,train
9,9_q3,"How can a business respond to choosing between raw volume of low-tier resources vs. a single, supreme strategic asset?",Resource Allocation & Procurement,Securing Sri Krishna's Alliance,Mahabharata Critical Edition by BORI / Kisari Mohan Ganguli Translation,https://www.sacred-texts.com/hin/maha/m05/m05007.htm,Verified - BORI Udyoga Parva Senauyoga Section,train
9,9_q4,"What is a strategic way to handle choosing between raw volume of low-tier resources vs. a single, supreme strategic asset?",Resource Allocation & Procurement,Securing Sri Krishna's Alliance,Mahabharata Critical Edition by BORI / Kisari Mohan Ganguli Translation,https://www.sacred-texts.com/hin/maha/m05/m05007.htm,Verified - BORI Udyoga Parva Senauyoga Section,train
9,9_q5,How could a company address a venture capitalist or corporate founder choosing between capital scale (raw funding amount) vs. high-value strategic guidance (mentor/network access)?,Resource Allocation & Procurement,Securing Sri Krishna's Alliance,Mahabharata Critical Edition by BORI / Kisari Mohan Ganguli Translation,https://www.sacred-texts.com/hin/maha/m05/m05007.htm,Verified - BORI Udyoga Parva Senauyoga Section,train
9,9_q6,"What can an organization learn from a situation involving choosing between raw volume of low-tier resources vs. a single, supreme strategic asset?",Resource Allocation & Procurement,Securing Sri Krishna's Alliance,Mahabharata Critical Edition by BORI / Kisari Mohan Ganguli Translation,https://www.sacred-texts.com/hin/maha/m05/m05007.htm,Verified - BORI Udyoga Parva Senauyoga Section,train
9,9_q7,How might a smaller organization approach a venture capitalist or corporate founder choosing between capital scale (raw funding amount) vs. high-value strategic guidance (mentor/network access)?,Resource Allocation & Procurement,Securing Sri Krishna's Alliance,Mahabharata Critical Edition by BORI / Kisari Mohan Ganguli Translation,https://www.sacred-texts.com/hin/maha/m05/m05007.htm,Verified - BORI Udyoga Parva Senauyoga Section,train
9,9_q8,"What strategic response fits a situation where choosing between raw volume of low-tier resources vs. a single, supreme strategic asset?",Resource Allocation & Procurement,Securing Sri Krishna's Alliance,Mahabharata Critical Edition by BORI / Kisari Mohan Ganguli Translation,https://www.sacred-texts.com/hin/maha/m05/m05007.htm,Verified - BORI Udyoga Parva Senauyoga Section,train
9,9_q9,How can leaders manage a venture capitalist or corporate founder choosing between capital scale (raw funding amount) vs. high-value strategic guidance (mentor/network access)?,Resource Allocation & Procurement,Securing Sri Krishna's Alliance,Mahabharata Critical Edition by BORI / Kisari Mohan Ganguli Translation,https://www.sacred-texts.com/hin/maha/m05/m05007.htm,Verified - BORI Udyoga Parva Senauyoga Section,train
9,9_q10,"What approach can be used when choosing between raw volume of low-tier resources vs. a single, supreme strategic asset?",Resource Allocation & Procurement,Securing Sri Krishna's Alliance,Mahabharata Critical Edition by BORI / Kisari Mohan Ganguli Translation,https://www.sacred-texts.com/hin/maha/m05/m05007.htm,Verified - BORI Udyoga Parva Senauyoga Section,train
10,10_q1,How can an organization deal with exhausting all diplomatic avenues to establish moral authority and legal legitimacy before launching an aggressive campaign?,Negotiation & Diplomacy,Krishna's Peace Mission (Bhagavad-yana),Mahabharata Critical Edition by BORI / Kisari Mohan Ganguli Translation,https://www.sacred-texts.com/hin/maha/m05/m05083.htm,Verified - BORI Udyoga Parva Bhagavad-yana Parva,train
10,10_q2,What strategy could help when exhausting all diplomatic avenues to establish moral authority and legal legitimacy before launching an aggressive campaign?,Negotiation & Diplomacy,Krishna's Peace Mission (Bhagavad-yana),Mahabharata Critical Edition by BORI / Kisari Mohan Ganguli Translation,https://www.sacred-texts.com/hin/maha/m05/m05083.htm,Verified - BORI Udyoga Parva Bhagavad-yana Parva,train
10,10_q3,How can a business respond to exhausting all diplomatic avenues to establish moral authority and legal legitimacy before launching an aggressive campaign?,Negotiation & Diplomacy,Krishna's Peace Mission (Bhagavad-yana),Mahabharata Critical Edition by BORI / Kisari Mohan Ganguli Translation,https://www.sacred-texts.com/hin/maha/m05/m05083.htm,Verified - BORI Udyoga Parva Bhagavad-yana Parva,train
10,10_q4,What is a strategic way to handle exhausting all diplomatic avenues to establish moral authority and legal legitimacy before launching an aggressive campaign?,Negotiation & Diplomacy,Krishna's Peace Mission (Bhagavad-yana),Mahabharata Critical Edition by BORI / Kisari Mohan Ganguli Translation,https://www.sacred-texts.com/hin/maha/m05/m05083.htm,Verified - BORI Udyoga Parva Bhagavad-yana Parva,train
10,10_q5,How could a company address a company attempts a fair out-of-court settlement with a predatory infringer to establish total moral and legal high-ground before filing a massive lawsuit?,Negotiation & Diplomacy,Krishna's Peace Mission (Bhagavad-yana),Mahabharata Critical Edition by BORI / Kisari Mohan Ganguli Translation,https://www.sacred-texts.com/hin/maha/m05/m05083.htm,Verified - BORI Udyoga Parva Bhagavad-yana Parva,train
10,10_q6,What can an organization learn from a situation involving exhausting all diplomatic avenues to establish moral authority and legal legitimacy before launching an aggressive campaign?,Negotiation & Diplomacy,Krishna's Peace Mission (Bhagavad-yana),Mahabharata Critical Edition by BORI / Kisari Mohan Ganguli Translation,https://www.sacred-texts.com/hin/maha/m05/m05083.htm,Verified - BORI Udyoga Parva Bhagavad-yana Parva,train
10,10_q7,How might a smaller organization approach a company attempts a fair out-of-court settlement with a predatory infringer to establish total moral and legal high-ground before filing a massive lawsuit?,Negotiation & Diplomacy,Krishna's Peace Mission (Bhagavad-yana),Mahabharata Critical Edition by BORI / Kisari Mohan Ganguli Translation,https://www.sacred-texts.com/hin/maha/m05/m05083.htm,Verified - BORI Udyoga Parva Bhagavad-yana Parva,train
10,10_q8,What strategic response fits a situation where exhausting all diplomatic avenues to establish moral authority and legal legitimacy before launching an aggressive campaign?,Negotiation & Diplomacy,Krishna's Peace Mission (Bhagavad-yana),Mahabharata Critical Edition by BORI / Kisari Mohan Ganguli Translation,https://www.sacred-texts.com/hin/maha/m05/m05083.htm,Verified - BORI Udyoga Parva Bhagavad-yana Parva,train
10,10_q9,How can leaders manage a company attempts a fair out-of-court settlement with a predatory infringer to establish total moral and legal high-ground before filing a massive lawsuit?,Negotiation & Diplomacy,Krishna's Peace Mission (Bhagavad-yana),Mahabharata Critical Edition by BORI / Kisari Mohan Ganguli Translation,https://www.sacred-texts.com/hin/maha/m05/m05083.htm,Verified - BORI Udyoga Parva Bhagavad-yana Parva,train
10,10_q10,What approach can be used when exhausting all diplomatic avenues to establish moral authority and legal legitimacy before launching an aggressive campaign?,Negotiation & Diplomacy,Krishna's Peace Mission (Bhagavad-yana),Mahabharata Critical Edition by BORI / Kisari Mohan Ganguli Translation,https://www.sacred-texts.com/hin/maha/m05/m05083.htm,Verified - BORI Udyoga Parva Bhagavad-yana Parva,train
11,11_q1,How can an organization deal with undermining the enemy's core operational strength by creating psychological dissonance in their primary asset?,Talent Poaching & Psychological Warfare,Krishna's Secret Meeting with Karna,Mahabharata Critical Edition by BORI / Kisari Mohan Ganguli Translation,https://www.sacred-texts.com/hin/maha/m05/m05140.htm,Verified - BORI Udyoga Parva Karnaupanishad,test
11,11_q2,What strategy could help when undermining the enemy's core operational strength by creating psychological dissonance in their primary asset?,Talent Poaching & Psychological Warfare,Krishna's Secret Meeting with Karna,Mahabharata Critical Edition by BORI / Kisari Mohan Ganguli Translation,https://www.sacred-texts.com/hin/maha/m05/m05140.htm,Verified - BORI Udyoga Parva Karnaupanishad,test
11,11_q3,How can a business respond to undermining the enemy's core operational strength by creating psychological dissonance in their primary asset?,Talent Poaching & Psychological Warfare,Krishna's Secret Meeting with Karna,Mahabharata Critical Edition by BORI / Kisari Mohan Ganguli Translation,https://www.sacred-texts.com/hin/maha/m05/m05140.htm,Verified - BORI Udyoga Parva Karnaupanishad,test
11,11_q4,What is a strategic way to handle undermining the enemy's core operational strength by creating psychological dissonance in their primary asset?,Talent Poaching & Psychological Warfare,Krishna's Secret Meeting with Karna,Mahabharata Critical Edition by BORI / Kisari Mohan Ganguli Translation,https://www.sacred-texts.com/hin/maha/m05/m05140.htm,Verified - BORI Udyoga Parva Karnaupanishad,test
11,11_q5,How could a company address a tech giant tries to recruit a rival's chief technology officer right before a major product launch?,Talent Poaching & Psychological Warfare,Krishna's Secret Meeting with Karna,Mahabharata Critical Edition by BORI / Kisari Mohan Ganguli Translation,https://www.sacred-texts.com/hin/maha/m05/m05140.htm,Verified - BORI Udyoga Parva Karnaupanishad,test
11,11_q6,What can an organization learn from a situation involving undermining the enemy's core operational strength by creating psychological dissonance in their primary asset?,Talent Poaching & Psychological Warfare,Krishna's Secret Meeting with Karna,Mahabharata Critical Edition by BORI / Kisari Mohan Ganguli Translation,https://www.sacred-texts.com/hin/maha/m05/m05140.htm,Verified - BORI Udyoga Parva Karnaupanishad,test
11,11_q7,How might a smaller organization approach a tech giant tries to recruit a rival's chief technology officer right before a major product launch?,Talent Poaching & Psychological Warfare,Krishna's Secret Meeting with Karna,Mahabharata Critical Edition by BORI / Kisari Mohan Ganguli Translation,https://www.sacred-texts.com/hin/maha/m05/m05140.htm,Verified - BORI Udyoga Parva Karnaupanishad,test
11,11_q8,What strategic response fits a situation where undermining the enemy's core operational strength by creating psychological dissonance in their primary asset?,Talent Poaching & Psychological Warfare,Krishna's Secret Meeting with Karna,Mahabharata Critical Edition by BORI / Kisari Mohan Ganguli Translation,https://www.sacred-texts.com/hin/maha/m05/m05140.htm,Verified - BORI Udyoga Parva Karnaupanishad,test
11,11_q9,How can leaders manage a tech giant tries to recruit a rival's chief technology officer right before a major product launch?,Talent Poaching & Psychological Warfare,Krishna's Secret Meeting with Karna,Mahabharata Critical Edition by BORI / Kisari Mohan Ganguli Translation,https://www.sacred-texts.com/hin/maha/m05/m05140.htm,Verified - BORI Udyoga Parva Karnaupanishad,test
11,11_q10,What approach can be used when undermining the enemy's core operational strength by creating psychological dissonance in their primary asset?,Talent Poaching & Psychological Warfare,Krishna's Secret Meeting with Karna,Mahabharata Critical Edition by BORI / Kisari Mohan Ganguli Translation,https://www.sacred-texts.com/hin/maha/m05/m05140.htm,Verified - BORI Udyoga Parva Karnaupanishad,test
12,12_q1,How can an organization deal with conducting an objective internal capabilities audit without damaging organizational morale or fueling internal ego conflicts?,Human Resource Management & Performance Appraisal,Bhishma's Classification of Warriors (Rathas and Atirathas),Mahabharata Critical Edition by BORI / Kisari Mohan Ganguli Translation,https://www.sacred-texts.com/hin/maha/m05/m05167.htm,Verified - BORI Udyoga Parva Rathatirathasankhyana,train
12,12_q2,What strategy could help when conducting an objective internal capabilities audit without damaging organizational morale or fueling internal ego conflicts?,Human Resource Management & Performance Appraisal,Bhishma's Classification of Warriors (Rathas and Atirathas),Mahabharata Critical Edition by BORI / Kisari Mohan Ganguli Translation,https://www.sacred-texts.com/hin/maha/m05/m05167.htm,Verified - BORI Udyoga Parva Rathatirathasankhyana,train
12,12_q3,How can a business respond to conducting an objective internal capabilities audit without damaging organizational morale or fueling internal ego conflicts?,Human Resource Management & Performance Appraisal,Bhishma's Classification of Warriors (Rathas and Atirathas),Mahabharata Critical Edition by BORI / Kisari Mohan Ganguli Translation,https://www.sacred-texts.com/hin/maha/m05/m05167.htm,Verified - BORI Udyoga Parva Rathatirathasankhyana,train
12,12_q4,What is a strategic way to handle conducting an objective internal capabilities audit without damaging organizational morale or fueling internal ego conflicts?,Human Resource Management & Performance Appraisal,Bhishma's Classification of Warriors (Rathas and Atirathas),Mahabharata Critical Edition by BORI / Kisari Mohan Ganguli Translation,https://www.sacred-texts.com/hin/maha/m05/m05167.htm,Verified - BORI Udyoga Parva Rathatirathasankhyana,train
12,12_q5,How could a company address a firm runs a rigorous performance review or capability mapping that unintentionally alienates its top salesperson?,Human Resource Management & Performance Appraisal,Bhishma's Classification of Warriors (Rathas and Atirathas),Mahabharata Critical Edition by BORI / Kisari Mohan Ganguli Translation,https://www.sacred-texts.com/hin/maha/m05/m05167.htm,Verified - BORI Udyoga Parva Rathatirathasankhyana,train
12,12_q6,What can an organization learn from a situation involving conducting an objective internal capabilities audit without damaging organizational morale or fueling internal ego conflicts?,Human Resource Management & Performance Appraisal,Bhishma's Classification of Warriors (Rathas and Atirathas),Mahabharata Critical Edition by BORI / Kisari Mohan Ganguli Translation,https://www.sacred-texts.com/hin/maha/m05/m05167.htm,Verified - BORI Udyoga Parva Rathatirathasankhyana,train
12,12_q7,How might a smaller organization approach a firm runs a rigorous performance review or capability mapping that unintentionally alienates its top salesperson?,Human Resource Management & Performance Appraisal,Bhishma's Classification of Warriors (Rathas and Atirathas),Mahabharata Critical Edition by BORI / Kisari Mohan Ganguli Translation,https://www.sacred-texts.com/hin/maha/m05/m05167.htm,Verified - BORI Udyoga Parva Rathatirathasankhyana,train
12,12_q8,What strategic response fits a situation where conducting an objective internal capabilities audit without damaging organizational morale or fueling internal ego conflicts?,Human Resource Management & Performance Appraisal,Bhishma's Classification of Warriors (Rathas and Atirathas),Mahabharata Critical Edition by BORI / Kisari Mohan Ganguli Translation,https://www.sacred-texts.com/hin/maha/m05/m05167.htm,Verified - BORI Udyoga Parva Rathatirathasankhyana,train
12,12_q9,How can leaders manage a firm runs a rigorous performance review or capability mapping that unintentionally alienates its top salesperson?,Human Resource Management & Performance Appraisal,Bhishma's Classification of Warriors (Rathas and Atirathas),Mahabharata Critical Edition by BORI / Kisari Mohan Ganguli Translation,https://www.sacred-texts.com/hin/maha/m05/m05167.htm,Verified - BORI Udyoga Parva Rathatirathasankhyana,train
12,12_q10,What approach can be used when conducting an objective internal capabilities audit without damaging organizational morale or fueling internal ego conflicts?,Human Resource Management & Performance Appraisal,Bhishma's Classification of Warriors (Rathas and Atirathas),Mahabharata Critical Edition by BORI / Kisari Mohan Ganguli Translation,https://www.sacred-texts.com/hin/maha/m05/m05167.htm,Verified - BORI Udyoga Parva Rathatirathasankhyana,train
13,13_q1,How can an organization deal with aligning immediate tactical execution with macro-level corporate ethics and individual sense of purpose?,Change Management & Strategic Alignment,The Delivery of the Bhagavad Gita,Mahabharata Critical Edition by BORI / Kisari Mohan Ganguli Translation,https://www.sacred-texts.com/hin/maha/m06/m06025.htm,Verified - BORI Bhishma Parva Bhagavad Gita Section,train
13,13_q2,What strategy could help when aligning immediate tactical execution with macro-level corporate ethics and individual sense of purpose?,Change Management & Strategic Alignment,The Delivery of the Bhagavad Gita,Mahabharata Critical Edition by BORI / Kisari Mohan Ganguli Translation,https://www.sacred-texts.com/hin/maha/m06/m06025.htm,Verified - BORI Bhishma Parva Bhagavad Gita Section,train
13,13_q3,How can a business respond to aligning immediate tactical execution with macro-level corporate ethics and individual sense of purpose?,Change Management & Strategic Alignment,The Delivery of the Bhagavad Gita,Mahabharata Critical Edition by BORI / Kisari Mohan Ganguli Translation,https://www.sacred-texts.com/hin/maha/m06/m06025.htm,Verified - BORI Bhishma Parva Bhagavad Gita Section,train
13,13_q4,What is a strategic way to handle aligning immediate tactical execution with macro-level corporate ethics and individual sense of purpose?,Change Management & Strategic Alignment,The Delivery of the Bhagavad Gita,Mahabharata Critical Edition by BORI / Kisari Mohan Ganguli Translation,https://www.sacred-texts.com/hin/maha/m06/m06025.htm,Verified - BORI Bhishma Parva Bhagavad Gita Section,train
13,13_q5,How could a company address employees experience massive burnout and ethical dilemmas during a high-stakes corporate turnaround or restructuring plan?,Change Management & Strategic Alignment,The Delivery of the Bhagavad Gita,Mahabharata Critical Edition by BORI / Kisari Mohan Ganguli Translation,https://www.sacred-texts.com/hin/maha/m06/m06025.htm,Verified - BORI Bhishma Parva Bhagavad Gita Section,train
13,13_q6,What can an organization learn from a situation involving aligning immediate tactical execution with macro-level corporate ethics and individual sense of purpose?,Change Management & Strategic Alignment,The Delivery of the Bhagavad Gita,Mahabharata Critical Edition by BORI / Kisari Mohan Ganguli Translation,https://www.sacred-texts.com/hin/maha/m06/m06025.htm,Verified - BORI Bhishma Parva Bhagavad Gita Section,train
13,13_q7,How might a smaller organization approach employees experience massive burnout and ethical dilemmas during a high-stakes corporate turnaround or restructuring plan?,Change Management & Strategic Alignment,The Delivery of the Bhagavad Gita,Mahabharata Critical Edition by BORI / Kisari Mohan Ganguli Translation,https://www.sacred-texts.com/hin/maha/m06/m06025.htm,Verified - BORI Bhishma Parva Bhagavad Gita Section,train
13,13_q8,What strategic response fits a situation where aligning immediate tactical execution with macro-level corporate ethics and individual sense of purpose?,Change Management & Strategic Alignment,The Delivery of the Bhagavad Gita,Mahabharata Critical Edition by BORI / Kisari Mohan Ganguli Translation,https://www.sacred-texts.com/hin/maha/m06/m06025.htm,Verified - BORI Bhishma Parva Bhagavad Gita Section,train
13,13_q9,How can leaders manage employees experience massive burnout and ethical dilemmas during a high-stakes corporate turnaround or restructuring plan?,Change Management & Strategic Alignment,The Delivery of the Bhagavad Gita,Mahabharata Critical Edition by BORI / Kisari Mohan Ganguli Translation,https://www.sacred-texts.com/hin/maha/m06/m06025.htm,Verified - BORI Bhishma Parva Bhagavad Gita Section,train
13,13_q10,What approach can be used when aligning immediate tactical execution with macro-level corporate ethics and individual sense of purpose?,Change Management & Strategic Alignment,The Delivery of the Bhagavad Gita,Mahabharata Critical Edition by BORI / Kisari Mohan Ganguli Translation,https://www.sacred-texts.com/hin/maha/m06/m06025.htm,Verified - BORI Bhishma Parva Bhagavad Gita Section,train
14,14_q1,"How can an organization deal with overcoming an unbeatable, legacy market leader protected by structural immunities?",Competitive Exploitation & Constraint Analysis,The Fall of Bhishma using Shikhandi,Mahabharata Critical Edition by BORI / Kisari Mohan Ganguli Translation,https://www.sacred-texts.com/hin/maha/m06/m06119.htm,Verified - BORI Bhishma Parva Bhishmavadha,train
14,14_q2,"What strategy could help when overcoming an unbeatable, legacy market leader protected by structural immunities?",Competitive Exploitation & Constraint Analysis,The Fall of Bhishma using Shikhandi,Mahabharata Critical Edition by BORI / Kisari Mohan Ganguli Translation,https://www.sacred-texts.com/hin/maha/m06/m06119.htm,Verified - BORI Bhishma Parva Bhishmavadha,train
14,14_q3,"How can a business respond to overcoming an unbeatable, legacy market leader protected by structural immunities?",Competitive Exploitation & Constraint Analysis,The Fall of Bhishma using Shikhandi,Mahabharata Critical Edition by BORI / Kisari Mohan Ganguli Translation,https://www.sacred-texts.com/hin/maha/m06/m06119.htm,Verified - BORI Bhishma Parva Bhishmavadha,train
14,14_q4,"What is a strategic way to handle overcoming an unbeatable, legacy market leader protected by structural immunities?",Competitive Exploitation & Constraint Analysis,The Fall of Bhishma using Shikhandi,Mahabharata Critical Edition by BORI / Kisari Mohan Ganguli Translation,https://www.sacred-texts.com/hin/maha/m06/m06119.htm,Verified - BORI Bhishma Parva Bhishmavadha,train
14,14_q5,How could a company address a startup confronts a legacy bank protected by heavy regulatory compliances and institutional inertia?,Competitive Exploitation & Constraint Analysis,The Fall of Bhishma using Shikhandi,Mahabharata Critical Edition by BORI / Kisari Mohan Ganguli Translation,https://www.sacred-texts.com/hin/maha/m06/m06119.htm,Verified - BORI Bhishma Parva Bhishmavadha,train
14,14_q6,"What can an organization learn from a situation involving overcoming an unbeatable, legacy market leader protected by structural immunities?",Competitive Exploitation & Constraint Analysis,The Fall of Bhishma using Shikhandi,Mahabharata Critical Edition by BORI / Kisari Mohan Ganguli Translation,https://www.sacred-texts.com/hin/maha/m06/m06119.htm,Verified - BORI Bhishma Parva Bhishmavadha,train
14,14_q7,How might a smaller organization approach a startup confronts a legacy bank protected by heavy regulatory compliances and institutional inertia?,Competitive Exploitation & Constraint Analysis,The Fall of Bhishma using Shikhandi,Mahabharata Critical Edition by BORI / Kisari Mohan Ganguli Translation,https://www.sacred-texts.com/hin/maha/m06/m06119.htm,Verified - BORI Bhishma Parva Bhishmavadha,train
14,14_q8,"What strategic response fits a situation where overcoming an unbeatable, legacy market leader protected by structural immunities?",Competitive Exploitation & Constraint Analysis,The Fall of Bhishma using Shikhandi,Mahabharata Critical Edition by BORI / Kisari Mohan Ganguli Translation,https://www.sacred-texts.com/hin/maha/m06/m06119.htm,Verified - BORI Bhishma Parva Bhishmavadha,train
14,14_q9,How can leaders manage a startup confronts a legacy bank protected by heavy regulatory compliances and institutional inertia?,Competitive Exploitation & Constraint Analysis,The Fall of Bhishma using Shikhandi,Mahabharata Critical Edition by BORI / Kisari Mohan Ganguli Translation,https://www.sacred-texts.com/hin/maha/m06/m06119.htm,Verified - BORI Bhishma Parva Bhishmavadha,train
14,14_q10,"What approach can be used when overcoming an unbeatable, legacy market leader protected by structural immunities?",Competitive Exploitation & Constraint Analysis,The Fall of Bhishma using Shikhandi,Mahabharata Critical Edition by BORI / Kisari Mohan Ganguli Translation,https://www.sacred-texts.com/hin/maha/m06/m06119.htm,Verified - BORI Bhishma Parva Bhishmavadha,train
15,15_q1,How can an organization deal with managing operational over-extension without a verified exit strategy or dynamic communication infrastructure?,Risk Management & Project Failure,The Trapping of Abhimanyu in the Chakravyuhu,Mahabharata Critical Edition by BORI / Kisari Mohan Ganguli Translation,https://www.sacred-texts.com/hin/maha/m07/m07033.htm,Verified - BORI Drona Parva Abhimanyuvadhasankula,test
15,15_q2,What strategy could help when managing operational over-extension without a verified exit strategy or dynamic communication infrastructure?,Risk Management & Project Failure,The Trapping of Abhimanyu in the Chakravyuhu,Mahabharata Critical Edition by BORI / Kisari Mohan Ganguli Translation,https://www.sacred-texts.com/hin/maha/m07/m07033.htm,Verified - BORI Drona Parva Abhimanyuvadhasankula,test
15,15_q3,How can a business respond to managing operational over-extension without a verified exit strategy or dynamic communication infrastructure?,Risk Management & Project Failure,The Trapping of Abhimanyu in the Chakravyuhu,Mahabharata Critical Edition by BORI / Kisari Mohan Ganguli Translation,https://www.sacred-texts.com/hin/maha/m07/m07033.htm,Verified - BORI Drona Parva Abhimanyuvadhasankula,test
15,15_q4,What is a strategic way to handle managing operational over-extension without a verified exit strategy or dynamic communication infrastructure?,Risk Management & Project Failure,The Trapping of Abhimanyu in the Chakravyuhu,Mahabharata Critical Edition by BORI / Kisari Mohan Ganguli Translation,https://www.sacred-texts.com/hin/maha/m07/m07033.htm,Verified - BORI Drona Parva Abhimanyuvadhasankula,test
15,15_q5,How could a company address a firm aggressively enters a highly complex new foreign market without establishing local supply chain insurance or exit protocols?,Risk Management & Project Failure,The Trapping of Abhimanyu in the Chakravyuhu,Mahabharata Critical Edition by BORI / Kisari Mohan Ganguli Translation,https://www.sacred-texts.com/hin/maha/m07/m07033.htm,Verified - BORI Drona Parva Abhimanyuvadhasankula,test
15,15_q6,What can an organization learn from a situation involving managing operational over-extension without a verified exit strategy or dynamic communication infrastructure?,Risk Management & Project Failure,The Trapping of Abhimanyu in the Chakravyuhu,Mahabharata Critical Edition by BORI / Kisari Mohan Ganguli Translation,https://www.sacred-texts.com/hin/maha/m07/m07033.htm,Verified - BORI Drona Parva Abhimanyuvadhasankula,test
15,15_q7,How might a smaller organization approach a firm aggressively enters a highly complex new foreign market without establishing local supply chain insurance or exit protocols?,Risk Management & Project Failure,The Trapping of Abhimanyu in the Chakravyuhu,Mahabharata Critical Edition by BORI / Kisari Mohan Ganguli Translation,https://www.sacred-texts.com/hin/maha/m07/m07033.htm,Verified - BORI Drona Parva Abhimanyuvadhasankula,test
15,15_q8,What strategic response fits a situation where managing operational over-extension without a verified exit strategy or dynamic communication infrastructure?,Risk Management & Project Failure,The Trapping of Abhimanyu in the Chakravyuhu,Mahabharata Critical Edition by BORI / Kisari Mohan Ganguli Translation,https://www.sacred-texts.com/hin/maha/m07/m07033.htm,Verified - BORI Drona Parva Abhimanyuvadhasankula,test
15,15_q9,How can leaders manage a firm aggressively enters a highly complex new foreign market without establishing local supply chain insurance or exit protocols?,Risk Management & Project Failure,The Trapping of Abhimanyu in the Chakravyuhu,Mahabharata Critical Edition by BORI / Kisari Mohan Ganguli Translation,https://www.sacred-texts.com/hin/maha/m07/m07033.htm,Verified - BORI Drona Parva Abhimanyuvadhasankula,test
15,15_q10,What approach can be used when managing operational over-extension without a verified exit strategy or dynamic communication infrastructure?,Risk Management & Project Failure,The Trapping of Abhimanyu in the Chakravyuhu,Mahabharata Critical Edition by BORI / Kisari Mohan Ganguli Translation,https://www.sacred-texts.com/hin/maha/m07/m07033.htm,Verified - BORI Drona Parva Abhimanyuvadhasankula,test
16,16_q1,"How can an organization deal with executing a high-stakes, time-bound mission when the adversary is deliberately running down the clock?",Time-Bound Strategy & Deception,The Neutralization of Jayadratha before Sunset,Mahabharata Critical Edition by BORI / Kisari Mohan Ganguli Translation,https://www.sacred-texts.com/hin/maha/m07/m07145.htm,Verified - BORI Drona Parva Jayadrathavadha,train
16,16_q2,"What strategy could help when executing a high-stakes, time-bound mission when the adversary is deliberately running down the clock?",Time-Bound Strategy & Deception,The Neutralization of Jayadratha before Sunset,Mahabharata Critical Edition by BORI / Kisari Mohan Ganguli Translation,https://www.sacred-texts.com/hin/maha/m07/m07145.htm,Verified - BORI Drona Parva Jayadrathavadha,train
16,16_q3,"How can a business respond to executing a high-stakes, time-bound mission when the adversary is deliberately running down the clock?",Time-Bound Strategy & Deception,The Neutralization of Jayadratha before Sunset,Mahabharata Critical Edition by BORI / Kisari Mohan Ganguli Translation,https://www.sacred-texts.com/hin/maha/m07/m07145.htm,Verified - BORI Drona Parva Jayadrathavadha,train
16,16_q4,"What is a strategic way to handle executing a high-stakes, time-bound mission when the adversary is deliberately running down the clock?",Time-Bound Strategy & Deception,The Neutralization of Jayadratha before Sunset,Mahabharata Critical Edition by BORI / Kisari Mohan Ganguli Translation,https://www.sacred-texts.com/hin/maha/m07/m07145.htm,Verified - BORI Drona Parva Jayadrathavadha,train
16,16_q5,How could a company address a company faces a strict patent filing window or regulatory deadline while its competitor tries to delay them via legal filibustering?,Time-Bound Strategy & Deception,The Neutralization of Jayadratha before Sunset,Mahabharata Critical Edition by BORI / Kisari Mohan Ganguli Translation,https://www.sacred-texts.com/hin/maha/m07/m07145.htm,Verified - BORI Drona Parva Jayadrathavadha,train
16,16_q6,"What can an organization learn from a situation involving executing a high-stakes, time-bound mission when the adversary is deliberately running down the clock?",Time-Bound Strategy & Deception,The Neutralization of Jayadratha before Sunset,Mahabharata Critical Edition by BORI / Kisari Mohan Ganguli Translation,https://www.sacred-texts.com/hin/maha/m07/m07145.htm,Verified - BORI Drona Parva Jayadrathavadha,train
16,16_q7,How might a smaller organization approach a company faces a strict patent filing window or regulatory deadline while its competitor tries to delay them via legal filibustering?,Time-Bound Strategy & Deception,The Neutralization of Jayadratha before Sunset,Mahabharata Critical Edition by BORI / Kisari Mohan Ganguli Translation,https://www.sacred-texts.com/hin/maha/m07/m07145.htm,Verified - BORI Drona Parva Jayadrathavadha,train
16,16_q8,"What strategic response fits a situation where executing a high-stakes, time-bound mission when the adversary is deliberately running down the clock?",Time-Bound Strategy & Deception,The Neutralization of Jayadratha before Sunset,Mahabharata Critical Edition by BORI / Kisari Mohan Ganguli Translation,https://www.sacred-texts.com/hin/maha/m07/m07145.htm,Verified - BORI Drona Parva Jayadrathavadha,train
16,16_q9,How can leaders manage a company faces a strict patent filing window or regulatory deadline while its competitor tries to delay them via legal filibustering?,Time-Bound Strategy & Deception,The Neutralization of Jayadratha before Sunset,Mahabharata Critical Edition by BORI / Kisari Mohan Ganguli Translation,https://www.sacred-texts.com/hin/maha/m07/m07145.htm,Verified - BORI Drona Parva Jayadrathavadha,train
16,16_q10,"What approach can be used when executing a high-stakes, time-bound mission when the adversary is deliberately running down the clock?",Time-Bound Strategy & Deception,The Neutralization of Jayadratha before Sunset,Mahabharata Critical Edition by BORI / Kisari Mohan Ganguli Translation,https://www.sacred-texts.com/hin/maha/m07/m07145.htm,Verified - BORI Drona Parva Jayadrathavadha,train
17,17_q1,How can an organization deal with neutralizing an operational leader whose domain expertise makes them impervious to external market forces?,Information Asymmetry & Information Warfare,The Deception of Drona (Ashwatthama Hatah),Mahabharata Critical Edition by BORI / Kisari Mohan Ganguli Translation,https://www.sacred-texts.com/hin/maha/m07/m07190.htm,Verified - BORI Drona Parva Dronavadha,train
17,17_q2,What strategy could help when neutralizing an operational leader whose domain expertise makes them impervious to external market forces?,Information Asymmetry & Information Warfare,The Deception of Drona (Ashwatthama Hatah),Mahabharata Critical Edition by BORI / Kisari Mohan Ganguli Translation,https://www.sacred-texts.com/hin/maha/m07/m07190.htm,Verified - BORI Drona Parva Dronavadha,train
17,17_q3,How can a business respond to neutralizing an operational leader whose domain expertise makes them impervious to external market forces?,Information Asymmetry & Information Warfare,The Deception of Drona (Ashwatthama Hatah),Mahabharata Critical Edition by BORI / Kisari Mohan Ganguli Translation,https://www.sacred-texts.com/hin/maha/m07/m07190.htm,Verified - BORI Drona Parva Dronavadha,train
17,17_q4,What is a strategic way to handle neutralizing an operational leader whose domain expertise makes them impervious to external market forces?,Information Asymmetry & Information Warfare,The Deception of Drona (Ashwatthama Hatah),Mahabharata Critical Edition by BORI / Kisari Mohan Ganguli Translation,https://www.sacred-texts.com/hin/maha/m07/m07190.htm,Verified - BORI Drona Parva Dronavadha,train
17,17_q5,How could a company address a firm targets an entrenched founder by leveraging structural narratives that impact their primary personal motivation?,Information Asymmetry & Information Warfare,The Deception of Drona (Ashwatthama Hatah),Mahabharata Critical Edition by BORI / Kisari Mohan Ganguli Translation,https://www.sacred-texts.com/hin/maha/m07/m07190.htm,Verified - BORI Drona Parva Dronavadha,train
17,17_q6,What can an organization learn from a situation involving neutralizing an operational leader whose domain expertise makes them impervious to external market forces?,Information Asymmetry & Information Warfare,The Deception of Drona (Ashwatthama Hatah),Mahabharata Critical Edition by BORI / Kisari Mohan Ganguli Translation,https://www.sacred-texts.com/hin/maha/m07/m07190.htm,Verified - BORI Drona Parva Dronavadha,train
17,17_q7,How might a smaller organization approach a firm targets an entrenched founder by leveraging structural narratives that impact their primary personal motivation?,Information Asymmetry & Information Warfare,The Deception of Drona (Ashwatthama Hatah),Mahabharata Critical Edition by BORI / Kisari Mohan Ganguli Translation,https://www.sacred-texts.com/hin/maha/m07/m07190.htm,Verified - BORI Drona Parva Dronavadha,train
17,17_q8,What strategic response fits a situation where neutralizing an operational leader whose domain expertise makes them impervious to external market forces?,Information Asymmetry & Information Warfare,The Deception of Drona (Ashwatthama Hatah),Mahabharata Critical Edition by BORI / Kisari Mohan Ganguli Translation,https://www.sacred-texts.com/hin/maha/m07/m07190.htm,Verified - BORI Drona Parva Dronavadha,train
17,17_q9,How can leaders manage a firm targets an entrenched founder by leveraging structural narratives that impact their primary personal motivation?,Information Asymmetry & Information Warfare,The Deception of Drona (Ashwatthama Hatah),Mahabharata Critical Edition by BORI / Kisari Mohan Ganguli Translation,https://www.sacred-texts.com/hin/maha/m07/m07190.htm,Verified - BORI Drona Parva Dronavadha,train
17,17_q10,What approach can be used when neutralizing an operational leader whose domain expertise makes them impervious to external market forces?,Information Asymmetry & Information Warfare,The Deception of Drona (Ashwatthama Hatah),Mahabharata Critical Edition by BORI / Kisari Mohan Ganguli Translation,https://www.sacred-texts.com/hin/maha/m07/m07190.htm,Verified - BORI Drona Parva Dronavadha,train
18,18_q1,How can an organization deal with coping with compounded infrastructure failure and lack of internal teamwork during peak competitive stress?,Operational Vulnerability & Infrastructure Collapse,The Fall of Karna and Chariot Crisis,Mahabharata Critical Edition by BORI / Kisari Mohan Ganguli Translation,https://www.sacred-texts.com/hin/maha/m08/m08091.htm,Verified - BORI Karna Parva Karnavadha,train
18,18_q2,What strategy could help when coping with compounded infrastructure failure and lack of internal teamwork during peak competitive stress?,Operational Vulnerability & Infrastructure Collapse,The Fall of Karna and Chariot Crisis,Mahabharata Critical Edition by BORI / Kisari Mohan Ganguli Translation,https://www.sacred-texts.com/hin/maha/m08/m08091.htm,Verified - BORI Karna Parva Karnavadha,train
18,18_q3,How can a business respond to coping with compounded infrastructure failure and lack of internal teamwork during peak competitive stress?,Operational Vulnerability & Infrastructure Collapse,The Fall of Karna and Chariot Crisis,Mahabharata Critical Edition by BORI / Kisari Mohan Ganguli Translation,https://www.sacred-texts.com/hin/maha/m08/m08091.htm,Verified - BORI Karna Parva Karnavadha,train
18,18_q4,What is a strategic way to handle coping with compounded infrastructure failure and lack of internal teamwork during peak competitive stress?,Operational Vulnerability & Infrastructure Collapse,The Fall of Karna and Chariot Crisis,Mahabharata Critical Edition by BORI / Kisari Mohan Ganguli Translation,https://www.sacred-texts.com/hin/maha/m08/m08091.htm,Verified - BORI Karna Parva Karnavadha,train
18,18_q5,How could a company address a company suffers a major database crash or supply chain failure during its busiest fiscal quarter while its primary partner deserts them?,Operational Vulnerability & Infrastructure Collapse,The Fall of Karna and Chariot Crisis,Mahabharata Critical Edition by BORI / Kisari Mohan Ganguli Translation,https://www.sacred-texts.com/hin/maha/m08/m08091.htm,Verified - BORI Karna Parva Karnavadha,train
18,18_q6,What can an organization learn from a situation involving coping with compounded infrastructure failure and lack of internal teamwork during peak competitive stress?,Operational Vulnerability & Infrastructure Collapse,The Fall of Karna and Chariot Crisis,Mahabharata Critical Edition by BORI / Kisari Mohan Ganguli Translation,https://www.sacred-texts.com/hin/maha/m08/m08091.htm,Verified - BORI Karna Parva Karnavadha,train
18,18_q7,How might a smaller organization approach a company suffers a major database crash or supply chain failure during its busiest fiscal quarter while its primary partner deserts them?,Operational Vulnerability & Infrastructure Collapse,The Fall of Karna and Chariot Crisis,Mahabharata Critical Edition by BORI / Kisari Mohan Ganguli Translation,https://www.sacred-texts.com/hin/maha/m08/m08091.htm,Verified - BORI Karna Parva Karnavadha,train
18,18_q8,What strategic response fits a situation where coping with compounded infrastructure failure and lack of internal teamwork during peak competitive stress?,Operational Vulnerability & Infrastructure Collapse,The Fall of Karna and Chariot Crisis,Mahabharata Critical Edition by BORI / Kisari Mohan Ganguli Translation,https://www.sacred-texts.com/hin/maha/m08/m08091.htm,Verified - BORI Karna Parva Karnavadha,train
18,18_q9,How can leaders manage a company suffers a major database crash or supply chain failure during its busiest fiscal quarter while its primary partner deserts them?,Operational Vulnerability & Infrastructure Collapse,The Fall of Karna and Chariot Crisis,Mahabharata Critical Edition by BORI / Kisari Mohan Ganguli Translation,https://www.sacred-texts.com/hin/maha/m08/m08091.htm,Verified - BORI Karna Parva Karnavadha,train
18,18_q10,What approach can be used when coping with compounded infrastructure failure and lack of internal teamwork during peak competitive stress?,Operational Vulnerability & Infrastructure Collapse,The Fall of Karna and Chariot Crisis,Mahabharata Critical Edition by BORI / Kisari Mohan Ganguli Translation,https://www.sacred-texts.com/hin/maha/m08/m08091.htm,Verified - BORI Karna Parva Karnavadha,train
19,19_q1,How can an organization deal with flushing out a hidden executive or competitor who has completely withdrawn from the market to stall for time?,Psychological Baiting & Competitor Tactic,Duryodhana in the Vyasa Sarovara Lake,Mahabharata Critical Edition by BORI / Kisari Mohan Ganguli Translation,https://www.sacred-texts.com/hin/maha/m09/m09031.htm,Verified - BORI Shalya Parva Hradapravesha,train
19,19_q2,What strategy could help when flushing out a hidden executive or competitor who has completely withdrawn from the market to stall for time?,Psychological Baiting & Competitor Tactic,Duryodhana in the Vyasa Sarovara Lake,Mahabharata Critical Edition by BORI / Kisari Mohan Ganguli Translation,https://www.sacred-texts.com/hin/maha/m09/m09031.htm,Verified - BORI Shalya Parva Hradapravesha,train
19,19_q3,How can a business respond to flushing out a hidden executive or competitor who has completely withdrawn from the market to stall for time?,Psychological Baiting & Competitor Tactic,Duryodhana in the Vyasa Sarovara Lake,Mahabharata Critical Edition by BORI / Kisari Mohan Ganguli Translation,https://www.sacred-texts.com/hin/maha/m09/m09031.htm,Verified - BORI Shalya Parva Hradapravesha,train
19,19_q4,What is a strategic way to handle flushing out a hidden executive or competitor who has completely withdrawn from the market to stall for time?,Psychological Baiting & Competitor Tactic,Duryodhana in the Vyasa Sarovara Lake,Mahabharata Critical Edition by BORI / Kisari Mohan Ganguli Translation,https://www.sacred-texts.com/hin/maha/m09/m09031.htm,Verified - BORI Shalya Parva Hradapravesha,train
19,19_q5,"How could a company address a legal team needs to force an elusive, wealthy corporate fraudster to break their silence and appear in court?",Psychological Baiting & Competitor Tactic,Duryodhana in the Vyasa Sarovara Lake,Mahabharata Critical Edition by BORI / Kisari Mohan Ganguli Translation,https://www.sacred-texts.com/hin/maha/m09/m09031.htm,Verified - BORI Shalya Parva Hradapravesha,train
19,19_q6,What can an organization learn from a situation involving flushing out a hidden executive or competitor who has completely withdrawn from the market to stall for time?,Psychological Baiting & Competitor Tactic,Duryodhana in the Vyasa Sarovara Lake,Mahabharata Critical Edition by BORI / Kisari Mohan Ganguli Translation,https://www.sacred-texts.com/hin/maha/m09/m09031.htm,Verified - BORI Shalya Parva Hradapravesha,train
19,19_q7,"How might a smaller organization approach a legal team needs to force an elusive, wealthy corporate fraudster to break their silence and appear in court?",Psychological Baiting & Competitor Tactic,Duryodhana in the Vyasa Sarovara Lake,Mahabharata Critical Edition by BORI / Kisari Mohan Ganguli Translation,https://www.sacred-texts.com/hin/maha/m09/m09031.htm,Verified - BORI Shalya Parva Hradapravesha,train
19,19_q8,What strategic response fits a situation where flushing out a hidden executive or competitor who has completely withdrawn from the market to stall for time?,Psychological Baiting & Competitor Tactic,Duryodhana in the Vyasa Sarovara Lake,Mahabharata Critical Edition by BORI / Kisari Mohan Ganguli Translation,https://www.sacred-texts.com/hin/maha/m09/m09031.htm,Verified - BORI Shalya Parva Hradapravesha,train
19,19_q9,"How can leaders manage a legal team needs to force an elusive, wealthy corporate fraudster to break their silence and appear in court?",Psychological Baiting & Competitor Tactic,Duryodhana in the Vyasa Sarovara Lake,Mahabharata Critical Edition by BORI / Kisari Mohan Ganguli Translation,https://www.sacred-texts.com/hin/maha/m09/m09031.htm,Verified - BORI Shalya Parva Hradapravesha,train
19,19_q10,What approach can be used when flushing out a hidden executive or competitor who has completely withdrawn from the market to stall for time?,Psychological Baiting & Competitor Tactic,Duryodhana in the Vyasa Sarovara Lake,Mahabharata Critical Edition by BORI / Kisari Mohan Ganguli Translation,https://www.sacred-texts.com/hin/maha/m09/m09031.htm,Verified - BORI Shalya Parva Hradapravesha,train
20,20_q1,How can an organization deal with defeating an opponent who possesses superior mechanical or operational durability under standard rules?,Tactical Asymmetry & Crisis Execution,The Mace Duel and Bhima's Tactical Strike,Mahabharata Critical Edition by BORI / Kisari Mohan Ganguli Translation,https://www.sacred-texts.com/hin/maha/m09/m09058.htm,Verified - BORI Shalya Parva Gadayuddha,test
20,20_q2,What strategy could help when defeating an opponent who possesses superior mechanical or operational durability under standard rules?,Tactical Asymmetry & Crisis Execution,The Mace Duel and Bhima's Tactical Strike,Mahabharata Critical Edition by BORI / Kisari Mohan Ganguli Translation,https://www.sacred-texts.com/hin/maha/m09/m09058.htm,Verified - BORI Shalya Parva Gadayuddha,test
20,20_q3,How can a business respond to defeating an opponent who possesses superior mechanical or operational durability under standard rules?,Tactical Asymmetry & Crisis Execution,The Mace Duel and Bhima's Tactical Strike,Mahabharata Critical Edition by BORI / Kisari Mohan Ganguli Translation,https://www.sacred-texts.com/hin/maha/m09/m09058.htm,Verified - BORI Shalya Parva Gadayuddha,test
20,20_q4,What is a strategic way to handle defeating an opponent who possesses superior mechanical or operational durability under standard rules?,Tactical Asymmetry & Crisis Execution,The Mace Duel and Bhima's Tactical Strike,Mahabharata Critical Edition by BORI / Kisari Mohan Ganguli Translation,https://www.sacred-texts.com/hin/maha/m09/m09058.htm,Verified - BORI Shalya Parva Gadayuddha,test
20,20_q5,"How could a company address a business must decide whether to use aggressive, unprecedented gray-hat tactics to dismantle a predatory monopoly?",Tactical Asymmetry & Crisis Execution,The Mace Duel and Bhima's Tactical Strike,Mahabharata Critical Edition by BORI / Kisari Mohan Ganguli Translation,https://www.sacred-texts.com/hin/maha/m09/m09058.htm,Verified - BORI Shalya Parva Gadayuddha,test
20,20_q6,What can an organization learn from a situation involving defeating an opponent who possesses superior mechanical or operational durability under standard rules?,Tactical Asymmetry & Crisis Execution,The Mace Duel and Bhima's Tactical Strike,Mahabharata Critical Edition by BORI / Kisari Mohan Ganguli Translation,https://www.sacred-texts.com/hin/maha/m09/m09058.htm,Verified - BORI Shalya Parva Gadayuddha,test
20,20_q7,"How might a smaller organization approach a business must decide whether to use aggressive, unprecedented gray-hat tactics to dismantle a predatory monopoly?",Tactical Asymmetry & Crisis Execution,The Mace Duel and Bhima's Tactical Strike,Mahabharata Critical Edition by BORI / Kisari Mohan Ganguli Translation,https://www.sacred-texts.com/hin/maha/m09/m09058.htm,Verified - BORI Shalya Parva Gadayuddha,test
20,20_q8,What strategic response fits a situation where defeating an opponent who possesses superior mechanical or operational durability under standard rules?,Tactical Asymmetry & Crisis Execution,The Mace Duel and Bhima's Tactical Strike,Mahabharata Critical Edition by BORI / Kisari Mohan Ganguli Translation,https://www.sacred-texts.com/hin/maha/m09/m09058.htm,Verified - BORI Shalya Parva Gadayuddha,test
20,20_q9,"How can leaders manage a business must decide whether to use aggressive, unprecedented gray-hat tactics to dismantle a predatory monopoly?",Tactical Asymmetry & Crisis Execution,The Mace Duel and Bhima's Tactical Strike,Mahabharata Critical Edition by BORI / Kisari Mohan Ganguli Translation,https://www.sacred-texts.com/hin/maha/m09/m09058.htm,Verified - BORI Shalya Parva Gadayuddha,test
20,20_q10,What approach can be used when defeating an opponent who possesses superior mechanical or operational durability under standard rules?,Tactical Asymmetry & Crisis Execution,The Mace Duel and Bhima's Tactical Strike,Mahabharata Critical Edition by BORI / Kisari Mohan Ganguli Translation,https://www.sacred-texts.com/hin/maha/m09/m09058.htm,Verified - BORI Shalya Parva Gadayuddha,test
21,21_q1,"How can an organization deal with protecting operations against radical, non-traditional threats that ignore institutional compliance rules?",Security Failure & Black Swan Events,The Midnight Massacre of the Pandava Camp,Mahabharata Critical Edition by BORI / Kisari Mohan Ganguli Translation,https://www.sacred-texts.com/hin/maha/m10/m10008.htm,Verified - BORI Sauptika Parva Nocturnal Attack,train
21,21_q2,"What strategy could help when protecting operations against radical, non-traditional threats that ignore institutional compliance rules?",Security Failure & Black Swan Events,The Midnight Massacre of the Pandava Camp,Mahabharata Critical Edition by BORI / Kisari Mohan Ganguli Translation,https://www.sacred-texts.com/hin/maha/m10/m10008.htm,Verified - BORI Sauptika Parva Nocturnal Attack,train
21,21_q3,"How can a business respond to protecting operations against radical, non-traditional threats that ignore institutional compliance rules?",Security Failure & Black Swan Events,The Midnight Massacre of the Pandava Camp,Mahabharata Critical Edition by BORI / Kisari Mohan Ganguli Translation,https://www.sacred-texts.com/hin/maha/m10/m10008.htm,Verified - BORI Sauptika Parva Nocturnal Attack,train
21,21_q4,"What is a strategic way to handle protecting operations against radical, non-traditional threats that ignore institutional compliance rules?",Security Failure & Black Swan Events,The Midnight Massacre of the Pandava Camp,Mahabharata Critical Edition by BORI / Kisari Mohan Ganguli Translation,https://www.sacred-texts.com/hin/maha/m10/m10008.htm,Verified - BORI Sauptika Parva Nocturnal Attack,train
21,21_q5,How could a company address a company suffers a devastating ransomware attack during a holiday weekend when its security team is fully offline?,Security Failure & Black Swan Events,The Midnight Massacre of the Pandava Camp,Mahabharata Critical Edition by BORI / Kisari Mohan Ganguli Translation,https://www.sacred-texts.com/hin/maha/m10/m10008.htm,Verified - BORI Sauptika Parva Nocturnal Attack,train
21,21_q6,"What can an organization learn from a situation involving protecting operations against radical, non-traditional threats that ignore institutional compliance rules?",Security Failure & Black Swan Events,The Midnight Massacre of the Pandava Camp,Mahabharata Critical Edition by BORI / Kisari Mohan Ganguli Translation,https://www.sacred-texts.com/hin/maha/m10/m10008.htm,Verified - BORI Sauptika Parva Nocturnal Attack,train
21,21_q7,How might a smaller organization approach a company suffers a devastating ransomware attack during a holiday weekend when its security team is fully offline?,Security Failure & Black Swan Events,The Midnight Massacre of the Pandava Camp,Mahabharata Critical Edition by BORI / Kisari Mohan Ganguli Translation,https://www.sacred-texts.com/hin/maha/m10/m10008.htm,Verified - BORI Sauptika Parva Nocturnal Attack,train
21,21_q8,"What strategic response fits a situation where protecting operations against radical, non-traditional threats that ignore institutional compliance rules?",Security Failure & Black Swan Events,The Midnight Massacre of the Pandava Camp,Mahabharata Critical Edition by BORI / Kisari Mohan Ganguli Translation,https://www.sacred-texts.com/hin/maha/m10/m10008.htm,Verified - BORI Sauptika Parva Nocturnal Attack,train
21,21_q9,How can leaders manage a company suffers a devastating ransomware attack during a holiday weekend when its security team is fully offline?,Security Failure & Black Swan Events,The Midnight Massacre of the Pandava Camp,Mahabharata Critical Edition by BORI / Kisari Mohan Ganguli Translation,https://www.sacred-texts.com/hin/maha/m10/m10008.htm,Verified - BORI Sauptika Parva Nocturnal Attack,train
21,21_q10,"What approach can be used when protecting operations against radical, non-traditional threats that ignore institutional compliance rules?",Security Failure & Black Swan Events,The Midnight Massacre of the Pandava Camp,Mahabharata Critical Edition by BORI / Kisari Mohan Ganguli Translation,https://www.sacred-texts.com/hin/maha/m10/m10008.htm,Verified - BORI Sauptika Parva Nocturnal Attack,train
22,22_q1,How can an organization deal with managing intense post-conflict stakeholder backlash and structural anger from damaged parties?,Stakeholder Management & Public Relations,Gandhari's Curse and Wrath Management,Mahabharata Critical Edition by BORI / Kisari Mohan Ganguli Translation,https://www.sacred-texts.com/hin/maha/m11/m11015.htm,Verified - BORI Stri Parva Post-War Griances,train
22,22_q2,What strategy could help when managing intense post-conflict stakeholder backlash and structural anger from damaged parties?,Stakeholder Management & Public Relations,Gandhari's Curse and Wrath Management,Mahabharata Critical Edition by BORI / Kisari Mohan Ganguli Translation,https://www.sacred-texts.com/hin/maha/m11/m11015.htm,Verified - BORI Stri Parva Post-War Griances,train
22,22_q3,How can a business respond to managing intense post-conflict stakeholder backlash and structural anger from damaged parties?,Stakeholder Management & Public Relations,Gandhari's Curse and Wrath Management,Mahabharata Critical Edition by BORI / Kisari Mohan Ganguli Translation,https://www.sacred-texts.com/hin/maha/m11/m11015.htm,Verified - BORI Stri Parva Post-War Griances,train
22,22_q4,What is a strategic way to handle managing intense post-conflict stakeholder backlash and structural anger from damaged parties?,Stakeholder Management & Public Relations,Gandhari's Curse and Wrath Management,Mahabharata Critical Edition by BORI / Kisari Mohan Ganguli Translation,https://www.sacred-texts.com/hin/maha/m11/m11015.htm,Verified - BORI Stri Parva Post-War Griances,train
22,22_q5,How could a company address a corporation must address an enraged community or consumer base after a major product recall or environmental disaster?,Stakeholder Management & Public Relations,Gandhari's Curse and Wrath Management,Mahabharata Critical Edition by BORI / Kisari Mohan Ganguli Translation,https://www.sacred-texts.com/hin/maha/m11/m11015.htm,Verified - BORI Stri Parva Post-War Griances,train
22,22_q6,What can an organization learn from a situation involving managing intense post-conflict stakeholder backlash and structural anger from damaged parties?,Stakeholder Management & Public Relations,Gandhari's Curse and Wrath Management,Mahabharata Critical Edition by BORI / Kisari Mohan Ganguli Translation,https://www.sacred-texts.com/hin/maha/m11/m11015.htm,Verified - BORI Stri Parva Post-War Griances,train
22,22_q7,How might a smaller organization approach a corporation must address an enraged community or consumer base after a major product recall or environmental disaster?,Stakeholder Management & Public Relations,Gandhari's Curse and Wrath Management,Mahabharata Critical Edition by BORI / Kisari Mohan Ganguli Translation,https://www.sacred-texts.com/hin/maha/m11/m11015.htm,Verified - BORI Stri Parva Post-War Griances,train
22,22_q8,What strategic response fits a situation where managing intense post-conflict stakeholder backlash and structural anger from damaged parties?,Stakeholder Management & Public Relations,Gandhari's Curse and Wrath Management,Mahabharata Critical Edition by BORI / Kisari Mohan Ganguli Translation,https://www.sacred-texts.com/hin/maha/m11/m11015.htm,Verified - BORI Stri Parva Post-War Griances,train
22,22_q9,How can leaders manage a corporation must address an enraged community or consumer base after a major product recall or environmental disaster?,Stakeholder Management & Public Relations,Gandhari's Curse and Wrath Management,Mahabharata Critical Edition by BORI / Kisari Mohan Ganguli Translation,https://www.sacred-texts.com/hin/maha/m11/m11015.htm,Verified - BORI Stri Parva Post-War Griances,train
22,22_q10,What approach can be used when managing intense post-conflict stakeholder backlash and structural anger from damaged parties?,Stakeholder Management & Public Relations,Gandhari's Curse and Wrath Management,Mahabharata Critical Edition by BORI / Kisari Mohan Ganguli Translation,https://www.sacred-texts.com/hin/maha/m11/m11015.htm,Verified - BORI Stri Parva Post-War Griances,train
23,23_q1,How can an organization deal with restructuring organizational governance and recovering operational morale after a highly traumatic restructuring or crisis?,Corporate Governance & Succession,Bhishma's Instructions on Statecraft,Mahabharata Critical Edition by BORI / Kisari Mohan Ganguli Translation,https://www.sacred-texts.com/hin/maha/m12/m12a056.htm,Verified - BORI Santi Parva Rajadharmanushasana,test
23,23_q2,What strategy could help when restructuring organizational governance and recovering operational morale after a highly traumatic restructuring or crisis?,Corporate Governance & Succession,Bhishma's Instructions on Statecraft,Mahabharata Critical Edition by BORI / Kisari Mohan Ganguli Translation,https://www.sacred-texts.com/hin/maha/m12/m12a056.htm,Verified - BORI Santi Parva Rajadharmanushasana,test
23,23_q3,How can a business respond to restructuring organizational governance and recovering operational morale after a highly traumatic restructuring or crisis?,Corporate Governance & Succession,Bhishma's Instructions on Statecraft,Mahabharata Critical Edition by BORI / Kisari Mohan Ganguli Translation,https://www.sacred-texts.com/hin/maha/m12/m12a056.htm,Verified - BORI Santi Parva Rajadharmanushasana,test
23,23_q4,What is a strategic way to handle restructuring organizational governance and recovering operational morale after a highly traumatic restructuring or crisis?,Corporate Governance & Succession,Bhishma's Instructions on Statecraft,Mahabharata Critical Edition by BORI / Kisari Mohan Ganguli Translation,https://www.sacred-texts.com/hin/maha/m12/m12a056.htm,Verified - BORI Santi Parva Rajadharmanushasana,test
23,23_q5,"How could a company address a new ceo takes over a bankrupt, culturally shattered organization post-merger and must lay down new core values?",Corporate Governance & Succession,Bhishma's Instructions on Statecraft,Mahabharata Critical Edition by BORI / Kisari Mohan Ganguli Translation,https://www.sacred-texts.com/hin/maha/m12/m12a056.htm,Verified - BORI Santi Parva Rajadharmanushasana,test
23,23_q6,What can an organization learn from a situation involving restructuring organizational governance and recovering operational morale after a highly traumatic restructuring or crisis?,Corporate Governance & Succession,Bhishma's Instructions on Statecraft,Mahabharata Critical Edition by BORI / Kisari Mohan Ganguli Translation,https://www.sacred-texts.com/hin/maha/m12/m12a056.htm,Verified - BORI Santi Parva Rajadharmanushasana,test
23,23_q7,"How might a smaller organization approach a new ceo takes over a bankrupt, culturally shattered organization post-merger and must lay down new core values?",Corporate Governance & Succession,Bhishma's Instructions on Statecraft,Mahabharata Critical Edition by BORI / Kisari Mohan Ganguli Translation,https://www.sacred-texts.com/hin/maha/m12/m12a056.htm,Verified - BORI Santi Parva Rajadharmanushasana,test
23,23_q8,What strategic response fits a situation where restructuring organizational governance and recovering operational morale after a highly traumatic restructuring or crisis?,Corporate Governance & Succession,Bhishma's Instructions on Statecraft,Mahabharata Critical Edition by BORI / Kisari Mohan Ganguli Translation,https://www.sacred-texts.com/hin/maha/m12/m12a056.htm,Verified - BORI Santi Parva Rajadharmanushasana,test
23,23_q9,"How can leaders manage a new ceo takes over a bankrupt, culturally shattered organization post-merger and must lay down new core values?",Corporate Governance & Succession,Bhishma's Instructions on Statecraft,Mahabharata Critical Edition by BORI / Kisari Mohan Ganguli Translation,https://www.sacred-texts.com/hin/maha/m12/m12a056.htm,Verified - BORI Santi Parva Rajadharmanushasana,test
23,23_q10,What approach can be used when restructuring organizational governance and recovering operational morale after a highly traumatic restructuring or crisis?,Corporate Governance & Succession,Bhishma's Instructions on Statecraft,Mahabharata Critical Edition by BORI / Kisari Mohan Ganguli Translation,https://www.sacred-texts.com/hin/maha/m12/m12a056.htm,Verified - BORI Santi Parva Rajadharmanushasana,test
24,24_q1,How can an organization deal with building an analytical model for tracking historical accountability and causative factors behind systemic failure?,Organizational Culture & Accountability,The Analysis of Karma and Accountability,Mahabharata Critical Edition by BORI / Kisari Mohan Ganguli Translation,https://www.sacred-texts.com/hin/maha/m13/m13a001.htm,Verified - BORI Anushasana Parva Section 1,train
24,24_q2,What strategy could help when building an analytical model for tracking historical accountability and causative factors behind systemic failure?,Organizational Culture & Accountability,The Analysis of Karma and Accountability,Mahabharata Critical Edition by BORI / Kisari Mohan Ganguli Translation,https://www.sacred-texts.com/hin/maha/m13/m13a001.htm,Verified - BORI Anushasana Parva Section 1,train
24,24_q3,How can a business respond to building an analytical model for tracking historical accountability and causative factors behind systemic failure?,Organizational Culture & Accountability,The Analysis of Karma and Accountability,Mahabharata Critical Edition by BORI / Kisari Mohan Ganguli Translation,https://www.sacred-texts.com/hin/maha/m13/m13a001.htm,Verified - BORI Anushasana Parva Section 1,train
24,24_q4,What is a strategic way to handle building an analytical model for tracking historical accountability and causative factors behind systemic failure?,Organizational Culture & Accountability,The Analysis of Karma and Accountability,Mahabharata Critical Edition by BORI / Kisari Mohan Ganguli Translation,https://www.sacred-texts.com/hin/maha/m13/m13a001.htm,Verified - BORI Anushasana Parva Section 1,train
24,24_q5,How could a company address a corporate board struggles with an executive team that blames global macroeconomics for internal performance failures?,Organizational Culture & Accountability,The Analysis of Karma and Accountability,Mahabharata Critical Edition by BORI / Kisari Mohan Ganguli Translation,https://www.sacred-texts.com/hin/maha/m13/m13a001.htm,Verified - BORI Anushasana Parva Section 1,train
24,24_q6,What can an organization learn from a situation involving building an analytical model for tracking historical accountability and causative factors behind systemic failure?,Organizational Culture & Accountability,The Analysis of Karma and Accountability,Mahabharata Critical Edition by BORI / Kisari Mohan Ganguli Translation,https://www.sacred-texts.com/hin/maha/m13/m13a001.htm,Verified - BORI Anushasana Parva Section 1,train
24,24_q7,How might a smaller organization approach a corporate board struggles with an executive team that blames global macroeconomics for internal performance failures?,Organizational Culture & Accountability,The Analysis of Karma and Accountability,Mahabharata Critical Edition by BORI / Kisari Mohan Ganguli Translation,https://www.sacred-texts.com/hin/maha/m13/m13a001.htm,Verified - BORI Anushasana Parva Section 1,train
24,24_q8,What strategic response fits a situation where building an analytical model for tracking historical accountability and causative factors behind systemic failure?,Organizational Culture & Accountability,The Analysis of Karma and Accountability,Mahabharata Critical Edition by BORI / Kisari Mohan Ganguli Translation,https://www.sacred-texts.com/hin/maha/m13/m13a001.htm,Verified - BORI Anushasana Parva Section 1,train
24,24_q9,How can leaders manage a corporate board struggles with an executive team that blames global macroeconomics for internal performance failures?,Organizational Culture & Accountability,The Analysis of Karma and Accountability,Mahabharata Critical Edition by BORI / Kisari Mohan Ganguli Translation,https://www.sacred-texts.com/hin/maha/m13/m13a001.htm,Verified - BORI Anushasana Parva Section 1,train
24,24_q10,What approach can be used when building an analytical model for tracking historical accountability and causative factors behind systemic failure?,Organizational Culture & Accountability,The Analysis of Karma and Accountability,Mahabharata Critical Edition by BORI / Kisari Mohan Ganguli Translation,https://www.sacred-texts.com/hin/maha/m13/m13a001.htm,Verified - BORI Anushasana Parva Section 1,train
25,25_q1,How can an organization deal with ensuring continuous knowledge retention and training reinforcement in an organization post-crisis?,Knowledge Management & Continuous Learning,The Anugita Recitation,Mahabharata Critical Edition by BORI / Kisari Mohan Ganguli Translation,https://www.sacred-texts.com/hin/maha/m14/m14016.htm,Verified - BORI Ashvamedhika Parva Anugita Section,train
25,25_q2,What strategy could help when ensuring continuous knowledge retention and training reinforcement in an organization post-crisis?,Knowledge Management & Continuous Learning,The Anugita Recitation,Mahabharata Critical Edition by BORI / Kisari Mohan Ganguli Translation,https://www.sacred-texts.com/hin/maha/m14/m14016.htm,Verified - BORI Ashvamedhika Parva Anugita Section,train
25,25_q3,How can a business respond to ensuring continuous knowledge retention and training reinforcement in an organization post-crisis?,Knowledge Management & Continuous Learning,The Anugita Recitation,Mahabharata Critical Edition by BORI / Kisari Mohan Ganguli Translation,https://www.sacred-texts.com/hin/maha/m14/m14016.htm,Verified - BORI Ashvamedhika Parva Anugita Section,train
25,25_q4,What is a strategic way to handle ensuring continuous knowledge retention and training reinforcement in an organization post-crisis?,Knowledge Management & Continuous Learning,The Anugita Recitation,Mahabharata Critical Edition by BORI / Kisari Mohan Ganguli Translation,https://www.sacred-texts.com/hin/maha/m14/m14016.htm,Verified - BORI Ashvamedhika Parva Anugita Section,train
25,25_q5,How could a company address an organization discovers that its team completely forgets corporate compliance and crisis safety protocols six months after standard training?,Knowledge Management & Continuous Learning,The Anugita Recitation,Mahabharata Critical Edition by BORI / Kisari Mohan Ganguli Translation,https://www.sacred-texts.com/hin/maha/m14/m14016.htm,Verified - BORI Ashvamedhika Parva Anugita Section,train
25,25_q6,What can an organization learn from a situation involving ensuring continuous knowledge retention and training reinforcement in an organization post-crisis?,Knowledge Management & Continuous Learning,The Anugita Recitation,Mahabharata Critical Edition by BORI / Kisari Mohan Ganguli Translation,https://www.sacred-texts.com/hin/maha/m14/m14016.htm,Verified - BORI Ashvamedhika Parva Anugita Section,train
25,25_q7,How might a smaller organization approach an organization discovers that its team completely forgets corporate compliance and crisis safety protocols six months after standard training?,Knowledge Management & Continuous Learning,The Anugita Recitation,Mahabharata Critical Edition by BORI / Kisari Mohan Ganguli Translation,https://www.sacred-texts.com/hin/maha/m14/m14016.htm,Verified - BORI Ashvamedhika Parva Anugita Section,train
25,25_q8,What strategic response fits a situation where ensuring continuous knowledge retention and training reinforcement in an organization post-crisis?,Knowledge Management & Continuous Learning,The Anugita Recitation,Mahabharata Critical Edition by BORI / Kisari Mohan Ganguli Translation,https://www.sacred-texts.com/hin/maha/m14/m14016.htm,Verified - BORI Ashvamedhika Parva Anugita Section,train
25,25_q9,How can leaders manage an organization discovers that its team completely forgets corporate compliance and crisis safety protocols six months after standard training?,Knowledge Management & Continuous Learning,The Anugita Recitation,Mahabharata Critical Edition by BORI / Kisari Mohan Ganguli Translation,https://www.sacred-texts.com/hin/maha/m14/m14016.htm,Verified - BORI Ashvamedhika Parva Anugita Section,train
25,25_q10,What approach can be used when ensuring continuous knowledge retention and training reinforcement in an organization post-crisis?,Knowledge Management & Continuous Learning,The Anugita Recitation,Mahabharata Critical Edition by BORI / Kisari Mohan Ganguli Translation,https://www.sacred-texts.com/hin/maha/m14/m14016.htm,Verified - BORI Ashvamedhika Parva Anugita Section,train
26,26_q1,How can an organization deal with reviving a dead asset or core project line that has been completely terminated by a rival's parting strike?,Disaster Recovery & Business Continuity,The Revival of Parikshit,Mahabharata Critical Edition by BORI / Kisari Mohan Ganguli Translation,https://www.sacred-texts.com/hin/maha/m14/m14066.htm,Verified - BORI Ashvamedhika Parva Parikshit-janma,train
26,26_q2,What strategy could help when reviving a dead asset or core project line that has been completely terminated by a rival's parting strike?,Disaster Recovery & Business Continuity,The Revival of Parikshit,Mahabharata Critical Edition by BORI / Kisari Mohan Ganguli Translation,https://www.sacred-texts.com/hin/maha/m14/m14066.htm,Verified - BORI Ashvamedhika Parva Parikshit-janma,train
26,26_q3,How can a business respond to reviving a dead asset or core project line that has been completely terminated by a rival's parting strike?,Disaster Recovery & Business Continuity,The Revival of Parikshit,Mahabharata Critical Edition by BORI / Kisari Mohan Ganguli Translation,https://www.sacred-texts.com/hin/maha/m14/m14066.htm,Verified - BORI Ashvamedhika Parva Parikshit-janma,train
26,26_q4,What is a strategic way to handle reviving a dead asset or core project line that has been completely terminated by a rival's parting strike?,Disaster Recovery & Business Continuity,The Revival of Parikshit,Mahabharata Critical Edition by BORI / Kisari Mohan Ganguli Translation,https://www.sacred-texts.com/hin/maha/m14/m14066.htm,Verified - BORI Ashvamedhika Parva Parikshit-janma,train
26,26_q5,"How could a company address a vital, multi-million dollar product development line is completely wiped out by an abrupt system corruption or sudden ip lawsuit?",Disaster Recovery & Business Continuity,The Revival of Parikshit,Mahabharata Critical Edition by BORI / Kisari Mohan Ganguli Translation,https://www.sacred-texts.com/hin/maha/m14/m14066.htm,Verified - BORI Ashvamedhika Parva Parikshit-janma,train
26,26_q6,What can an organization learn from a situation involving reviving a dead asset or core project line that has been completely terminated by a rival's parting strike?,Disaster Recovery & Business Continuity,The Revival of Parikshit,Mahabharata Critical Edition by BORI / Kisari Mohan Ganguli Translation,https://www.sacred-texts.com/hin/maha/m14/m14066.htm,Verified - BORI Ashvamedhika Parva Parikshit-janma,train
26,26_q7,"How might a smaller organization approach a vital, multi-million dollar product development line is completely wiped out by an abrupt system corruption or sudden ip lawsuit?",Disaster Recovery & Business Continuity,The Revival of Parikshit,Mahabharata Critical Edition by BORI / Kisari Mohan Ganguli Translation,https://www.sacred-texts.com/hin/maha/m14/m14066.htm,Verified - BORI Ashvamedhika Parva Parikshit-janma,train
26,26_q8,What strategic response fits a situation where reviving a dead asset or core project line that has been completely terminated by a rival's parting strike?,Disaster Recovery & Business Continuity,The Revival of Parikshit,Mahabharata Critical Edition by BORI / Kisari Mohan Ganguli Translation,https://www.sacred-texts.com/hin/maha/m14/m14066.htm,Verified - BORI Ashvamedhika Parva Parikshit-janma,train
26,26_q9,"How can leaders manage a vital, multi-million dollar product development line is completely wiped out by an abrupt system corruption or sudden ip lawsuit?",Disaster Recovery & Business Continuity,The Revival of Parikshit,Mahabharata Critical Edition by BORI / Kisari Mohan Ganguli Translation,https://www.sacred-texts.com/hin/maha/m14/m14066.htm,Verified - BORI Ashvamedhika Parva Parikshit-janma,train
26,26_q10,What approach can be used when reviving a dead asset or core project line that has been completely terminated by a rival's parting strike?,Disaster Recovery & Business Continuity,The Revival of Parikshit,Mahabharata Critical Edition by BORI / Kisari Mohan Ganguli Translation,https://www.sacred-texts.com/hin/maha/m14/m14066.htm,Verified - BORI Ashvamedhika Parva Parikshit-janma,train
27,27_q1,How can an organization deal with integrating legacy hostile leadership post-acquisition into the new institutional governance framework without triggering new friction?,Post-Merger Integration & Legacy Leadership,Dhritarashtra's Retirement and Coexistence,Mahabharata Critical Edition by BORI / Kisari Mohan Ganguli Translation,https://www.sacred-texts.com/hin/maha/m15/m15001.htm,Verified - BORI Asramavasika Parva Integration,test
27,27_q2,What strategy could help when integrating legacy hostile leadership post-acquisition into the new institutional governance framework without triggering new friction?,Post-Merger Integration & Legacy Leadership,Dhritarashtra's Retirement and Coexistence,Mahabharata Critical Edition by BORI / Kisari Mohan Ganguli Translation,https://www.sacred-texts.com/hin/maha/m15/m15001.htm,Verified - BORI Asramavasika Parva Integration,test
27,27_q3,How can a business respond to integrating legacy hostile leadership post-acquisition into the new institutional governance framework without triggering new friction?,Post-Merger Integration & Legacy Leadership,Dhritarashtra's Retirement and Coexistence,Mahabharata Critical Edition by BORI / Kisari Mohan Ganguli Translation,https://www.sacred-texts.com/hin/maha/m15/m15001.htm,Verified - BORI Asramavasika Parva Integration,test
27,27_q4,What is a strategic way to handle integrating legacy hostile leadership post-acquisition into the new institutional governance framework without triggering new friction?,Post-Merger Integration & Legacy Leadership,Dhritarashtra's Retirement and Coexistence,Mahabharata Critical Edition by BORI / Kisari Mohan Ganguli Translation,https://www.sacred-texts.com/hin/maha/m15/m15001.htm,Verified - BORI Asramavasika Parva Integration,test
27,27_q5,How could a company address an acquiring firm must manage the former founder of the acquired company who remains on the board with a massive legacy following?,Post-Merger Integration & Legacy Leadership,Dhritarashtra's Retirement and Coexistence,Mahabharata Critical Edition by BORI / Kisari Mohan Ganguli Translation,https://www.sacred-texts.com/hin/maha/m15/m15001.htm,Verified - BORI Asramavasika Parva Integration,test
27,27_q6,What can an organization learn from a situation involving integrating legacy hostile leadership post-acquisition into the new institutional governance framework without triggering new friction?,Post-Merger Integration & Legacy Leadership,Dhritarashtra's Retirement and Coexistence,Mahabharata Critical Edition by BORI / Kisari Mohan Ganguli Translation,https://www.sacred-texts.com/hin/maha/m15/m15001.htm,Verified - BORI Asramavasika Parva Integration,test
27,27_q7,How might a smaller organization approach an acquiring firm must manage the former founder of the acquired company who remains on the board with a massive legacy following?,Post-Merger Integration & Legacy Leadership,Dhritarashtra's Retirement and Coexistence,Mahabharata Critical Edition by BORI / Kisari Mohan Ganguli Translation,https://www.sacred-texts.com/hin/maha/m15/m15001.htm,Verified - BORI Asramavasika Parva Integration,test
27,27_q8,What strategic response fits a situation where integrating legacy hostile leadership post-acquisition into the new institutional governance framework without triggering new friction?,Post-Merger Integration & Legacy Leadership,Dhritarashtra's Retirement and Coexistence,Mahabharata Critical Edition by BORI / Kisari Mohan Ganguli Translation,https://www.sacred-texts.com/hin/maha/m15/m15001.htm,Verified - BORI Asramavasika Parva Integration,test
27,27_q9,How can leaders manage an acquiring firm must manage the former founder of the acquired company who remains on the board with a massive legacy following?,Post-Merger Integration & Legacy Leadership,Dhritarashtra's Retirement and Coexistence,Mahabharata Critical Edition by BORI / Kisari Mohan Ganguli Translation,https://www.sacred-texts.com/hin/maha/m15/m15001.htm,Verified - BORI Asramavasika Parva Integration,test
27,27_q10,What approach can be used when integrating legacy hostile leadership post-acquisition into the new institutional governance framework without triggering new friction?,Post-Merger Integration & Legacy Leadership,Dhritarashtra's Retirement and Coexistence,Mahabharata Critical Edition by BORI / Kisari Mohan Ganguli Translation,https://www.sacred-texts.com/hin/maha/m15/m15001.htm,Verified - BORI Asramavasika Parva Integration,test
28,28_q1,"How can an organization deal with managing internal cultural decay, toxic entitlement, and systemic self-destruction born from extreme success?",Organizational Culture & Terminal Decline,The Destruction of the Yadava Clan,Mahabharata Critical Edition by BORI / Kisari Mohan Ganguli Translation,https://www.sacred-texts.com/hin/maha/m16/m16001.htm,Verified - BORI Mausala Parva Yadava Decadence,train
28,28_q2,"What strategy could help when managing internal cultural decay, toxic entitlement, and systemic self-destruction born from extreme success?",Organizational Culture & Terminal Decline,The Destruction of the Yadava Clan,Mahabharata Critical Edition by BORI / Kisari Mohan Ganguli Translation,https://www.sacred-texts.com/hin/maha/m16/m16001.htm,Verified - BORI Mausala Parva Yadava Decadence,train
28,28_q3,"How can a business respond to managing internal cultural decay, toxic entitlement, and systemic self-destruction born from extreme success?",Organizational Culture & Terminal Decline,The Destruction of the Yadava Clan,Mahabharata Critical Edition by BORI / Kisari Mohan Ganguli Translation,https://www.sacred-texts.com/hin/maha/m16/m16001.htm,Verified - BORI Mausala Parva Yadava Decadence,train
28,28_q4,"What is a strategic way to handle managing internal cultural decay, toxic entitlement, and systemic self-destruction born from extreme success?",Organizational Culture & Terminal Decline,The Destruction of the Yadava Clan,Mahabharata Critical Edition by BORI / Kisari Mohan Ganguli Translation,https://www.sacred-texts.com/hin/maha/m16/m16001.htm,Verified - BORI Mausala Parva Yadava Decadence,train
28,28_q5,"How could a company address a market-dominant tech giant collapses due to internal politics, toxic corporate culture, and absolute complacency?",Organizational Culture & Terminal Decline,The Destruction of the Yadava Clan,Mahabharata Critical Edition by BORI / Kisari Mohan Ganguli Translation,https://www.sacred-texts.com/hin/maha/m16/m16001.htm,Verified - BORI Mausala Parva Yadava Decadence,train
28,28_q6,"What can an organization learn from a situation involving managing internal cultural decay, toxic entitlement, and systemic self-destruction born from extreme success?",Organizational Culture & Terminal Decline,The Destruction of the Yadava Clan,Mahabharata Critical Edition by BORI / Kisari Mohan Ganguli Translation,https://www.sacred-texts.com/hin/maha/m16/m16001.htm,Verified - BORI Mausala Parva Yadava Decadence,train
28,28_q7,"How might a smaller organization approach a market-dominant tech giant collapses due to internal politics, toxic corporate culture, and absolute complacency?",Organizational Culture & Terminal Decline,The Destruction of the Yadava Clan,Mahabharata Critical Edition by BORI / Kisari Mohan Ganguli Translation,https://www.sacred-texts.com/hin/maha/m16/m16001.htm,Verified - BORI Mausala Parva Yadava Decadence,train
28,28_q8,"What strategic response fits a situation where managing internal cultural decay, toxic entitlement, and systemic self-destruction born from extreme success?",Organizational Culture & Terminal Decline,The Destruction of the Yadava Clan,Mahabharata Critical Edition by BORI / Kisari Mohan Ganguli Translation,https://www.sacred-texts.com/hin/maha/m16/m16001.htm,Verified - BORI Mausala Parva Yadava Decadence,train
28,28_q9,"How can leaders manage a market-dominant tech giant collapses due to internal politics, toxic corporate culture, and absolute complacency?",Organizational Culture & Terminal Decline,The Destruction of the Yadava Clan,Mahabharata Critical Edition by BORI / Kisari Mohan Ganguli Translation,https://www.sacred-texts.com/hin/maha/m16/m16001.htm,Verified - BORI Mausala Parva Yadava Decadence,train
28,28_q10,"What approach can be used when managing internal cultural decay, toxic entitlement, and systemic self-destruction born from extreme success?",Organizational Culture & Terminal Decline,The Destruction of the Yadava Clan,Mahabharata Critical Edition by BORI / Kisari Mohan Ganguli Translation,https://www.sacred-texts.com/hin/maha/m16/m16001.htm,Verified - BORI Mausala Parva Yadava Decadence,train
29,29_q1,"How can an organization deal with executing a graceful, planned exit strategy and retirement from lifelong peak positions of power?",Exit Strategy & Succession Planning,The Great Journey to the Himalayas,Mahabharata Critical Edition by BORI / Kisari Mohan Ganguli Translation,https://www.sacred-texts.com/hin/maha/m17/m17001.htm,Verified - BORI Mahaprasthanika Parva Exit,train
29,29_q2,"What strategy could help when executing a graceful, planned exit strategy and retirement from lifelong peak positions of power?",Exit Strategy & Succession Planning,The Great Journey to the Himalayas,Mahabharata Critical Edition by BORI / Kisari Mohan Ganguli Translation,https://www.sacred-texts.com/hin/maha/m17/m17001.htm,Verified - BORI Mahaprasthanika Parva Exit,train
29,29_q3,"How can a business respond to executing a graceful, planned exit strategy and retirement from lifelong peak positions of power?",Exit Strategy & Succession Planning,The Great Journey to the Himalayas,Mahabharata Critical Edition by BORI / Kisari Mohan Ganguli Translation,https://www.sacred-texts.com/hin/maha/m17/m17001.htm,Verified - BORI Mahaprasthanika Parva Exit,train
29,29_q4,"What is a strategic way to handle executing a graceful, planned exit strategy and retirement from lifelong peak positions of power?",Exit Strategy & Succession Planning,The Great Journey to the Himalayas,Mahabharata Critical Edition by BORI / Kisari Mohan Ganguli Translation,https://www.sacred-texts.com/hin/maha/m17/m17001.htm,Verified - BORI Mahaprasthanika Parva Exit,train
29,29_q5,"How could a company address a successful founding team must execute a clean, absolute handover of their corporate empire without lingering micro-management?",Exit Strategy & Succession Planning,The Great Journey to the Himalayas,Mahabharata Critical Edition by BORI / Kisari Mohan Ganguli Translation,https://www.sacred-texts.com/hin/maha/m17/m17001.htm,Verified - BORI Mahaprasthanika Parva Exit,train
29,29_q6,"What can an organization learn from a situation involving executing a graceful, planned exit strategy and retirement from lifelong peak positions of power?",Exit Strategy & Succession Planning,The Great Journey to the Himalayas,Mahabharata Critical Edition by BORI / Kisari Mohan Ganguli Translation,https://www.sacred-texts.com/hin/maha/m17/m17001.htm,Verified - BORI Mahaprasthanika Parva Exit,train
29,29_q7,"How might a smaller organization approach a successful founding team must execute a clean, absolute handover of their corporate empire without lingering micro-management?",Exit Strategy & Succession Planning,The Great Journey to the Himalayas,Mahabharata Critical Edition by BORI / Kisari Mohan Ganguli Translation,https://www.sacred-texts.com/hin/maha/m17/m17001.htm,Verified - BORI Mahaprasthanika Parva Exit,train
29,29_q8,"What strategic response fits a situation where executing a graceful, planned exit strategy and retirement from lifelong peak positions of power?",Exit Strategy & Succession Planning,The Great Journey to the Himalayas,Mahabharata Critical Edition by BORI / Kisari Mohan Ganguli Translation,https://www.sacred-texts.com/hin/maha/m17/m17001.htm,Verified - BORI Mahaprasthanika Parva Exit,train
29,29_q9,"How can leaders manage a successful founding team must execute a clean, absolute handover of their corporate empire without lingering micro-management?",Exit Strategy & Succession Planning,The Great Journey to the Himalayas,Mahabharata Critical Edition by BORI / Kisari Mohan Ganguli Translation,https://www.sacred-texts.com/hin/maha/m17/m17001.htm,Verified - BORI Mahaprasthanika Parva Exit,train
29,29_q10,"What approach can be used when executing a graceful, planned exit strategy and retirement from lifelong peak positions of power?",Exit Strategy & Succession Planning,The Great Journey to the Himalayas,Mahabharata Critical Edition by BORI / Kisari Mohan Ganguli Translation,https://www.sacred-texts.com/hin/maha/m17/m17001.htm,Verified - BORI Mahaprasthanika Parva Exit,train
30,30_q1,How can an organization deal with maintaining baseline core values and loyalty under systemic gaslighting or inverse reward structures?,AI Ethics & Corporate Governance,The Ultimate Test in Hell,Mahabharata Critical Edition by BORI / Kisari Mohan Ganguli Translation,https://www.sacred-texts.com/hin/maha/m18/m18001.htm,Verified - BORI Svargarohana Parva Final Trial,train
30,30_q2,What strategy could help when maintaining baseline core values and loyalty under systemic gaslighting or inverse reward structures?,AI Ethics & Corporate Governance,The Ultimate Test in Hell,Mahabharata Critical Edition by BORI / Kisari Mohan Ganguli Translation,https://www.sacred-texts.com/hin/maha/m18/m18001.htm,Verified - BORI Svargarohana Parva Final Trial,train
30,30_q3,How can a business respond to maintaining baseline core values and loyalty under systemic gaslighting or inverse reward structures?,AI Ethics & Corporate Governance,The Ultimate Test in Hell,Mahabharata Critical Edition by BORI / Kisari Mohan Ganguli Translation,https://www.sacred-texts.com/hin/maha/m18/m18001.htm,Verified - BORI Svargarohana Parva Final Trial,train
30,30_q4,What is a strategic way to handle maintaining baseline core values and loyalty under systemic gaslighting or inverse reward structures?,AI Ethics & Corporate Governance,The Ultimate Test in Hell,Mahabharata Critical Edition by BORI / Kisari Mohan Ganguli Translation,https://www.sacred-texts.com/hin/maha/m18/m18001.htm,Verified - BORI Svargarohana Parva Final Trial,train
30,30_q5,How could a company address a corporate whistleblower or ai governance lead faces extreme systemic pressure to hide safety risks for high short-term profits?,AI Ethics & Corporate Governance,The Ultimate Test in Hell,Mahabharata Critical Edition by BORI / Kisari Mohan Ganguli Translation,https://www.sacred-texts.com/hin/maha/m18/m18001.htm,Verified - BORI Svargarohana Parva Final Trial,train
30,30_q6,What can an organization learn from a situation involving maintaining baseline core values and loyalty under systemic gaslighting or inverse reward structures?,AI Ethics & Corporate Governance,The Ultimate Test in Hell,Mahabharata Critical Edition by BORI / Kisari Mohan Ganguli Translation,https://www.sacred-texts.com/hin/maha/m18/m18001.htm,Verified - BORI Svargarohana Parva Final Trial,train
30,30_q7,How might a smaller organization approach a corporate whistleblower or ai governance lead faces extreme systemic pressure to hide safety risks for high short-term profits?,AI Ethics & Corporate Governance,The Ultimate Test in Hell,Mahabharata Critical Edition by BORI / Kisari Mohan Ganguli Translation,https://www.sacred-texts.com/hin/maha/m18/m18001.htm,Verified - BORI Svargarohana Parva Final Trial,train
30,30_q8,What strategic response fits a situation where maintaining baseline core values and loyalty under systemic gaslighting or inverse reward structures?,AI Ethics & Corporate Governance,The Ultimate Test in Hell,Mahabharata Critical Edition by BORI / Kisari Mohan Ganguli Translation,https://www.sacred-texts.com/hin/maha/m18/m18001.htm,Verified - BORI Svargarohana Parva Final Trial,train
30,30_q9,How can leaders manage a corporate whistleblower or ai governance lead faces extreme systemic pressure to hide safety risks for high short-term profits?,AI Ethics & Corporate Governance,The Ultimate Test in Hell,Mahabharata Critical Edition by BORI / Kisari Mohan Ganguli Translation,https://www.sacred-texts.com/hin/maha/m18/m18001.htm,Verified - BORI Svargarohana Parva Final Trial,train
30,30_q10,What approach can be used when maintaining baseline core values and loyalty under systemic gaslighting or inverse reward structures?,AI Ethics & Corporate Governance,The Ultimate Test in Hell,Mahabharata Critical Edition by BORI / Kisari Mohan Ganguli Translation,https://www.sacred-texts.com/hin/maha/m18/m18001.htm,Verified - BORI Svargarohana Parva Final Trial,train
