id,parva,parva_number,adhyaya_or_section,episode,characters,situation_description,strategic_challenge,strategy_or_action,outcome,problem_category,contemporary_problem,strategic_insight,contemporary_application,source,source_url,source_verification_status,data_layer,strategic_dimension,retrieval_text
1,Adi Parva,1,"Sections CXLIII-CLIII (143-153), Jatugriha Parva",The Escape from the House of Lac,"['Yudhishthira', 'Bhima', 'Kunti', 'Vidura', 'Kanaka']",Duryodhana builds a highly inflammable palace made of lac at Varanavata to burn the Pandavas alive while they sleep.,"Surviving an active, hidden, and asymmetric death trap orchestrated by a powerful competitor without raising immediate public or political alarm.",Vidura warns Yudhishthira using a secret Mlechchha code language. They commission a miner named Kanaka to secretly dig an underground escape tunnel while maintaining normal public appearances.,"The Pandavas escape safely through the tunnel before Bhima sets the house on fire, leaving the world to believe they died, allowing them time to build alliances in hiding.",Crisis Management & Asymmetric Warfare,A corporation uncovers a hostile insider threat or espionage operation designed to wipe out its core assets or infrastructure.,"When facing a fatal asymmetric threat, maintain outward normalcy to prevent early escalation while quietly executing an ironclad, parallel exit or contingency plan.","Modern application: When facing a fatal asymmetric threat, maintain outward normalcy to prevent early escalation while quietly executing an ironclad, parallel exit or contingency plan. This principle should be adapted to the specific context, constraints and ethical requirements of the situation.",Mahabharata — Kisari Mohan Ganguli English translation (1883–1896); Sacred Texts Archive,https://original.sacred-texts.com/hin/m01/index.htm,Source checked against Ganguli translation; historical episode grounded; strategic interpretation is project-derived,SOURCE_CASE,Crisis Management,"Problem: A corporation uncovers a hostile insider threat or espionage operation designed to wipe out its core assets or infrastructure.. Challenge: Surviving an active, hidden, and asymmetric death trap orchestrated by a powerful competitor without raising immediate public or political alarm.. Objective: When facing a fatal asymmetric threat, maintain outward normalcy to prevent early escalation while quietly executing an ironclad, parallel exit or contingency plan.. Category: Crisis Management. Historical situation: Duryodhana builds a highly inflammable palace made of lac at Varanavata to burn the Pandavas alive while they sleep."
2,Adi Parva,1,Adhyaya 184-188,Draupadi Swayamvara Alliance Formation,"['Arjuna', 'Draupadi', 'Drupada', 'Krishna']","The Pandavas are in hiding, politically weak, and need a powerful state alliance to challenge Hastinapura's hegemony.",Securing a powerful geopolitical partner without revealing their identity prematurely or triggering a pre-emptive strike from rivals.,"Arjuna participates in the complex archery contest disguised as a poor Brahmin, proving unmatched technical capability to win the princess.","The Pandavas secure a strategic military alliance with the powerful Panchala kingdom, forcing the Kauravas to acknowledge them and yield half the kingdom.",Strategic Alliance & M&A,A bootstrapped startup needs to secure a major enterprise partnership or venture capital without giving up its proprietary trade secrets early.,Focus on showcasing unassailable core competence and technical execution; true capability acts as an irresistible magnet for strategic partners regardless of current stature.,"Modern application: Focus on showcasing unassailable core competence and technical execution; true capability acts as an irresistible magnet for strategic partners regardless of current stature. This principle should be adapted to the specific context, constraints and ethical requirements of the situation.",Mahabharata — Kisari Mohan Ganguli English translation (1883–1896); Sacred Texts Archive,https://www.sacred-texts.com/hin/maha/m01/m01187.htm,Source checked against Ganguli translation; historical episode grounded; strategic interpretation is project-derived,SOURCE_CASE,Alliance/Cooperation,"Problem: A bootstrapped startup needs to secure a major enterprise partnership or venture capital without giving up its proprietary trade secrets early.. Challenge: Securing a powerful geopolitical partner without revealing their identity prematurely or triggering a pre-emptive strike from rivals.. Objective: Focus on showcasing unassailable core competence and technical execution; true capability acts as an irresistible magnet for strategic partners regardless of current stature.. Category: Alliance/Cooperation. Historical situation: The Pandavas are in hiding, politically weak, and need a powerful state alliance to challenge Hastinapura's hegemony."
3,Sabha Parva,2,Adhyaya 20-22,The Subjugation of Jarasandha,"['Krishna', 'Yudhishthira', 'Bhima', 'Arjuna', 'Jarasandha']","Yudhishthira wants to perform the Rajasuya sacrifice, but Magadha's tyrant Jarasandha blocks geopolitical integration and holds 86 kings captive.","Neutralizing a militarily superior superpower without initiating a massive, resource-draining world war.","Krishna bypasses the massive Magadha army, infiltrating the capital in disguise with Bhima and Arjuna to challenge Jarasandha to a localized, decisive one-on-one duel.","Bhima defeats Jarasandha in a wrestling match, the captive kings are freed and pledge loyalty to Yudhishthira, achieving total geopolitical shift with minimal collateral damage.",Competitive Strategy & Asymmetric Warfare,A market challenger needs to disrupt an incumbent monopoly that holds exclusive control over the industry supply chain.,"Avoid direct confrontational price wars or broad marketing battles against a dominant player; instead, target the single critical structural node or leadership vulnerability.","Modern application: Avoid direct confrontational price wars or broad marketing battles against a dominant player; instead, target the single critical structural node or leadership vulnerability. This principle should be adapted to the specific context, constraints and ethical requirements of the situation.",Mahabharata — Kisari Mohan Ganguli English translation (1883–1896); Sacred Texts Archive,https://www.sacred-texts.com/hin/maha/m02/m02021.htm,Source checked against Ganguli translation; historical episode grounded; strategic interpretation is project-derived,SOURCE_CASE,Strategy,"Problem: A market challenger needs to disrupt an incumbent monopoly that holds exclusive control over the industry supply chain.. Challenge: Neutralizing a militarily superior superpower without initiating a massive, resource-draining world war.. Objective: Avoid direct confrontational price wars or broad marketing battles against a dominant player; instead, target the single critical structural node or leadership vulnerability.. Category: Strategy. Historical situation: Yudhishthira wants to perform the Rajasuya sacrifice, but Magadha's tyrant Jarasandha blocks geopolitical integration and holds 86 kings captive."
4,Sabha Parva,2,Adhyaya 58-65,The First Game of Dice,"['Yudhishthira', 'Duryodhana', 'Shakuni', 'Dhritarashtra']","Yudhishthira is invited to a game of dice by Dhritarashtra, unaware that Shakuni will use loaded dice in a rigged system.","Managing systemic operational risk and cognitive bias when trapped in an unfamiliar, rigged competitive framework.","Yudhishthira accepts due to a personal code of honor and falls prey to escalation of commitment, wagering his wealth, brothers, himself, and his wife.","Total loss of the kingdom, public humiliation of the Pandavas, and exile, demonstrating the catastrophic failure of rule-bound logic in an adversarial environment.",Risk Management & Cognitive Bias,"An investor falling prey to the 'Sunk Cost Fallacy', pouring millions into a failing asset class or rigged market framework.","Never engage in a game where the adversary controls the platform rules and infrastructure, and recognize when ethical codes blind you to systemic fraud.","Modern application: Never engage in a game where the adversary controls the platform rules and infrastructure, and recognize when ethical codes blind you to systemic fraud. This principle should be adapted to the specific context, constraints and ethical requirements of the situation.",Mahabharata — Kisari Mohan Ganguli English translation (1883–1896); Sacred Texts Archive,https://www.sacred-texts.com/hin/maha/m02/m02058.htm,Source checked against Ganguli translation; historical episode grounded; strategic interpretation is project-derived,SOURCE_CASE,Risk Management,"Problem: An investor falling prey to the 'Sunk Cost Fallacy', pouring millions into a failing asset class or rigged market framework.. Challenge: Managing systemic operational risk and cognitive bias when trapped in an unfamiliar, rigged competitive framework.. Objective: Never engage in a game where the adversary controls the platform rules and infrastructure, and recognize when ethical codes blind you to systemic fraud.. Category: Risk Management. Historical situation: Yudhishthira is invited to a game of dice by Dhritarashtra, unaware that Shakuni will use loaded dice in a rigged system."
5,Vana Parva,3,Adhyaya 37-41,Arjuna's Quest for Celestial Weapons (Indrakila),"['Arjuna', 'Vyasa', 'Shiva']","The Pandavas realize they cannot defeat the Kaurava army and its veteran generals (Bhishma, Drona) using their current conventional weaponry.",Upgrading long-term technological and R&D capabilities during a forced period of operational downtime (exile).,"On Vyasa's advice, Arjuna leaves the group to perform rigorous penance (tapasya) to secure advanced weapons (Pasupatastra) directly from celestial powers.","Arjuna successfully acquires next-generation capabilities, shifting the future strategic military balance long before the actual battlefield conflict begins.",Resource & Capability Building,A firm realizes its tech stack is obsolete compared to global giants and needs a total digital transformation during a market downturn.,Use operational lulls or mandatory market slowdowns to invest heavily in deep R&D and radical skill upgrading rather than short-term tactical firefights.,"Modern application: Use operational lulls or mandatory market slowdowns to invest heavily in deep R&D and radical skill upgrading rather than short-term tactical firefights. This principle should be adapted to the specific context, constraints and ethical requirements of the situation.",Mahabharata — Kisari Mohan Ganguli English translation (1883–1896); Sacred Texts Archive,https://www.sacred-texts.com/hin/maha/m03/m03037.htm,Source checked against Ganguli translation; historical episode grounded; strategic interpretation is project-derived,SOURCE_CASE,Resource & Capability Building,"Problem: A firm realizes its tech stack is obsolete compared to global giants and needs a total digital transformation during a market downturn.. Challenge: Upgrading long-term technological and R&D capabilities during a forced period of operational downtime (exile).. Objective: Use operational lulls or mandatory market slowdowns to invest heavily in deep R&D and radical skill upgrading rather than short-term tactical firefights.. Category: Resource & Capability Building. Historical situation: The Pandavas realize they cannot defeat the Kaurava army and its veteran generals (Bhishma, Drona) using their current conventional weaponry."
6,Vana Parva,3,Adhyaya 240-243,The Ghoshayatra Rescue,"['Duryodhana', 'Yudhishthira', 'Bhima', 'Chitrasena (Gandharva)']","Duryodhana visits the wilderness to flaunt his wealth and mock the exiled Pandavas, but gets into a fight with the Gandharvas and is captured.",Deciding whether to defend an existential internal rival when they are attacked by an external threat that compromises systemic stability.,"Yudhishthira commands Bhima and Arjuna to rescue Duryodhana, stating that against outsiders, 'we are one hundred and five' (Vayam Panchadhikam Shatam).","The Pandavas defeat the Gandharvas and free Duryodhana. Duryodhana suffers profound psychological humiliation, while the Pandavas gain immense moral authority and public sympathy.",Crisis Governance & Reputation Management,Two domestic corporate rivals must decide whether to cooperate against an aggressive foreign monopoly attacking the national ecosystem.,Internal political friction must be suspended to counter external existential threats that endanger the broader shared industry or ecosystem infrastructure.,"Modern application: Internal political friction must be suspended to counter external existential threats that endanger the broader shared industry or ecosystem infrastructure. This principle should be adapted to the specific context, constraints and ethical requirements of the situation.",Mahabharata — Kisari Mohan Ganguli English translation (1883–1896); Sacred Texts Archive,https://www.sacred-texts.com/hin/maha/m03/m03242.htm,Source checked against Ganguli translation; historical episode grounded; strategic interpretation is project-derived,SOURCE_CASE,Leadership/Governance,"Problem: Two domestic corporate rivals must decide whether to cooperate against an aggressive foreign monopoly attacking the national ecosystem.. Challenge: Deciding whether to defend an existential internal rival when they are attacked by an external threat that compromises systemic stability.. Objective: Internal political friction must be suspended to counter external existential threats that endanger the broader shared industry or ecosystem infrastructure.. Category: Leadership/Governance. Historical situation: Duryodhana visits the wilderness to flaunt his wealth and mock the exiled Pandavas, but gets into a fight with the Gandharvas and is captured."
7,Virata Parva,4,Adhyaya 1-13,Incognito Exile at Matsya Kingdom (Agnatavasa),"['Yudhishthira', 'Bhima', 'Arjuna', 'Draupadi', 'King Virata']","The Pandavas must spend their 13th year of exile completely incognito; if discovered by Kaurava spies, they face another 12 years of exile.",Managing risk and maintaining organizational presence by completely disguising core strategic assets within a secondary host system.,"They distribute themselves across diverse operational functions in King Virata's court based on specialized micro-skills (cook, courtier, dance teacher, cowherd).","They successfully complete the year undetected, building internal roots within Matsya, which subsequently becomes their primary launchpad for the war.",Risk Management & Survival Strategy,A brand facing severe regulatory backlash needs to keep its core product development stealthy to prevent competitor sabotage.,"When vulnerable to market elimination, decentralize your operations and blend seamlessly into supportive host environments to build baseline resilience.","Modern application: When vulnerable to market elimination, decentralize your operations and blend seamlessly into supportive host environments to build baseline resilience. This principle should be adapted to the specific context, constraints and ethical requirements of the situation.",Mahabharata — Kisari Mohan Ganguli English translation (1883–1896); Sacred Texts Archive,https://www.sacred-texts.com/hin/maha/m04/m04001.htm,Source checked against Ganguli translation; historical episode grounded; strategic interpretation is project-derived,SOURCE_CASE,Risk Management,"Problem: A brand facing severe regulatory backlash needs to keep its core product development stealthy to prevent competitor sabotage.. Challenge: Managing risk and maintaining organizational presence by completely disguising core strategic assets within a secondary host system.. Objective: When vulnerable to market elimination, decentralize your operations and blend seamlessly into supportive host environments to build baseline resilience.. Category: Risk Management. Historical situation: The Pandavas must spend their 13th year of exile completely incognito; if discovered by Kaurava spies, they face another 12 years of exile."
8,Virata Parva,4,Adhyaya 35-65,The Cattle Raid of Matsya (Go-harana),"['Arjuna (Brihannala)', 'Prince Uttara', 'Bhishma', 'Drona', 'Karna']",The Kauravas launch a massive military cattle raid against Matsya to force the Pandavas out of hiding on the final days of their incognito exile.,"Leading an under-prepared, panicked defense force against an elite group of market leaders.","Arjuna assumes control of Prince Uttara's chariot, reveals his true identity precisely as the time limit expires, and uses the Sammohana weapon to paralyze the Kaurava army.","The cattle are retrieved, the Kaurava forces are completely routed single-handedly by Arjuna, and Matsya's security is preserved, cementing the alliance.",Crisis Leadership & Tactical Execution,"A junior executive or interim CEO faces a sudden, massive market onslaught from legacy competitors while senior leadership is incapacitated.","True leadership requires absorbing the panic of subordinates, timing the deployment of secret proprietary assets, and executing a swift counter-offensive.","Modern application: True leadership requires absorbing the panic of subordinates, timing the deployment of secret proprietary assets, and executing a swift counter-offensive. This principle should be adapted to the specific context, constraints and ethical requirements of the situation.",Mahabharata — Kisari Mohan Ganguli English translation (1883–1896); Sacred Texts Archive,https://www.sacred-texts.com/hin/maha/m04/m04037.htm,Source checked against Ganguli translation; historical episode grounded; strategic interpretation is project-derived,SOURCE_CASE,Leadership/Governance,"Problem: A junior executive or interim CEO faces a sudden, massive market onslaught from legacy competitors while senior leadership is incapacitated.. Challenge: Leading an under-prepared, panicked defense force against an elite group of market leaders.. Objective: True leadership requires absorbing the panic of subordinates, timing the deployment of secret proprietary assets, and executing a swift counter-offensive.. Category: Leadership/Governance. Historical situation: The Kauravas launch a massive military cattle raid against Matsya to force the Pandavas out of hiding on the final days of their incognito exile."
9,Udyoga Parva,5,Adhyaya 7,Securing Sri Krishna's Alliance,"['Duryodhana', 'Arjuna', 'Krishna']",Both Duryodhana and Arjuna arrive simultaneously at Dwarka to solicit Krishna's direct military support for the impending war.,"Choosing between raw volume of low-tier resources vs. a single, supreme strategic asset.",Duryodhana chooses Krishna's massive Narayani Sena (army). Arjuna chooses an unarmed Krishna alone to act as his advisor and driver.,"Duryodhana gains short-term quantitative scale, but Arjuna secures the ultimate strategic mastermind who shifts the entire architecture of the war to ensure Pandava victory.",Resource Allocation & Procurement,A venture capitalist or corporate founder choosing between capital scale (raw funding amount) vs. high-value strategic guidance (mentor/network access).,"Value strategic intelligence, adaptability, and high-level decision support over raw operational volume or generic headcount.","Modern application: Value strategic intelligence, adaptability, and high-level decision support over raw operational volume or generic headcount. This principle should be adapted to the specific context, constraints and ethical requirements of the situation.",Mahabharata — Kisari Mohan Ganguli English translation (1883–1896); Sacred Texts Archive,https://www.sacred-texts.com/hin/maha/m05/m05007.htm,Source checked against Ganguli translation; historical episode grounded; strategic interpretation is project-derived,SOURCE_CASE,Resource Allocation & Procurement,"Problem: A venture capitalist or corporate founder choosing between capital scale (raw funding amount) vs. high-value strategic guidance (mentor/network access).. Challenge: Choosing between raw volume of low-tier resources vs. a single, supreme strategic asset.. Objective: Value strategic intelligence, adaptability, and high-level decision support over raw operational volume or generic headcount.. Category: Resource Allocation & Procurement. Historical situation: Both Duryodhana and Arjuna arrive simultaneously at Dwarka to solicit Krishna's direct military support for the impending war."
10,Udyoga Parva,5,Adhyaya 83-137,Krishna's Peace Mission (Bhagavad-yana),"['Krishna', 'Duryodhana', 'Dhritarashtra', 'Vidura']","Krishna travels to Hastinapura as a final diplomatic envoy to avert total war, demanding only five villages for the Pandavas.",Exhausting all diplomatic avenues to establish moral authority and legal legitimacy before launching an aggressive campaign.,"Krishna presents an incredibly reasonable compromise, exposes Duryodhana's irrational greed to his own court, and evades an attempt to arrest him by revealing his cosmic form.","Duryodhana rejects the peace terms completely, isolating himself morally and politically, which justifies the Pandavas' resort to war to all neutral nations.",Negotiation & Diplomacy,A company attempts a fair out-of-court settlement with a predatory infringer to establish total moral and legal high-ground before filing a massive lawsuit.,Offer highly generous and visible concessions to an aggressive opponent; their irrational refusal solidifies your moral legitimacy and rallies stakeholders to your cause.,"Modern application: Offer highly generous and visible concessions to an aggressive opponent; their irrational refusal solidifies your moral legitimacy and rallies stakeholders to your cause. This principle should be adapted to the specific context, constraints and ethical requirements of the situation.",Mahabharata — Kisari Mohan Ganguli English translation (1883–1896); Sacred Texts Archive,https://www.sacred-texts.com/hin/maha/m05/m05083.htm,Source checked against Ganguli translation; historical episode grounded; strategic interpretation is project-derived,SOURCE_CASE,Negotiation/Diplomacy,"Problem: A company attempts a fair out-of-court settlement with a predatory infringer to establish total moral and legal high-ground before filing a massive lawsuit.. Challenge: Exhausting all diplomatic avenues to establish moral authority and legal legitimacy before launching an aggressive campaign.. Objective: Offer highly generous and visible concessions to an aggressive opponent; their irrational refusal solidifies your moral legitimacy and rallies stakeholders to your cause.. Category: Negotiation/Diplomacy. Historical situation: Krishna travels to Hastinapura as a final diplomatic envoy to avert total war, demanding only five villages for the Pandavas."
11,Udyoga Parva,5,Adhyaya 140-146,Krishna's Secret Meeting with Karna,"['Krishna', 'Karna']",Krishna attempts to poach Karna from the Kaurava camp right before the war by revealing his true lineage as the eldest Pandava.,Undermining the enemy's core operational strength by creating psychological dissonance in their primary asset.,"Krishna appeals to Karna's latent desire for legitimacy, offering him the crown of Hastinapura and Draupadi as his queen.","Karna refuses out of absolute loyalty to Duryodhana, but is emotionally shattered and psychologically compromised, reducing his subsequent performance and leading to a vow not to kill four of the Pandavas.",Talent Poaching & Psychological Warfare,A tech giant tries to recruit a rival's chief technology officer right before a major product launch.,"Even if a talent acquisition or poaching attempt fails, planting strategic doubt can break the competitor's internal psychological momentum.","Modern application: Even if a talent acquisition or poaching attempt fails, planting strategic doubt can break the competitor's internal psychological momentum. This principle should be adapted to the specific context, constraints and ethical requirements of the situation.",Mahabharata — Kisari Mohan Ganguli English translation (1883–1896); Sacred Texts Archive,https://www.sacred-texts.com/hin/maha/m05/m05140.htm,Source checked against Ganguli translation; historical episode grounded; strategic interpretation is project-derived,SOURCE_CASE,Talent Poaching & Psychological Warfare,"Problem: A tech giant tries to recruit a rival's chief technology officer right before a major product launch.. Challenge: Undermining the enemy's core operational strength by creating psychological dissonance in their primary asset.. Objective: Even if a talent acquisition or poaching attempt fails, planting strategic doubt can break the competitor's internal psychological momentum.. Category: Talent Poaching & Psychological Warfare. Historical situation: Krishna attempts to poach Karna from the Kaurava camp right before the war by revealing his true lineage as the eldest Pandava."
12,Udyoga Parva,5,Adhyaya 170-172,Bhishma's Classification of Warriors (Rathas and Atirathas),"['Bhishma', 'Duryodhana', 'Karna']",Duryodhana requests Bhishma to evaluate and audit the strengths and weaknesses of all commanders in the army before deployment.,Conducting an objective internal capabilities audit without damaging organizational morale or fueling internal ego conflicts.,"Bhishma objectively ranks the warriors but rates Karna lower than his self-perception (as a half-Ratha), citing his boastful nature and flaws.","Karna becomes infuriated and vows not to fight as long as Bhishma commands the army, depriving the Kauravas of their top asset for the first 10 days of the war.",Human Resource Management & Performance Appraisal,A firm runs a rigorous performance review or capability mapping that unintentionally alienates its top salesperson.,Performance appraisals and resource audits must balance objective truth with tactical empathy to avoid creating internal toxic divisions.,"Modern application: Performance appraisals and resource audits must balance objective truth with tactical empathy to avoid creating internal toxic divisions. This principle should be adapted to the specific context, constraints and ethical requirements of the situation.",Mahabharata — Kisari Mohan Ganguli English translation (1883–1896); Sacred Texts Archive,https://www.sacred-texts.com/hin/maha/m05/m05167.htm,Source checked against Ganguli translation; historical episode grounded; strategic interpretation is project-derived,SOURCE_CASE,Human Resource Management & Performance Appraisal,Problem: A firm runs a rigorous performance review or capability mapping that unintentionally alienates its top salesperson.. Challenge: Conducting an objective internal capabilities audit without damaging organizational morale or fueling internal ego conflicts.. Objective: Performance appraisals and resource audits must balance objective truth with tactical empathy to avoid creating internal toxic divisions.. Category: Human Resource Management & Performance Appraisal. Historical situation: Duryodhana requests Bhishma to evaluate and audit the strengths and weaknesses of all commanders in the army before deployment.
13,Bhishma Parva,6,Adhyaya 25-42,The Delivery of the Bhagavad Gita,"['Krishna', 'Arjuna']","Arjuna suffers a severe existential and psychological breakdown on the eve of the battle, refusing to fight his teachers and kinsmen.",Aligning immediate tactical execution with macro-level corporate ethics and individual sense of purpose.,"Krishna re-contextualizes the war from a personal feud to a universal duty (Dharma), explaining the immortality of the soul and the necessity of unattached action (Nishkama Karma).","Arjuna's cognitive dissonance is resolved; he regains clarity, picks up his bow, and achieves total alignment with the strategic mission.",Change Management & Strategic Alignment,Employees experience massive burnout and ethical dilemmas during a high-stakes corporate turnaround or restructuring plan.,"To overcome extreme execution inertia, reconnect the operators with a higher purpose and duty that transcends immediate transactional outcomes.","Modern application: To overcome extreme execution inertia, reconnect the operators with a higher purpose and duty that transcends immediate transactional outcomes. This principle should be adapted to the specific context, constraints and ethical requirements of the situation.",Mahabharata — Kisari Mohan Ganguli English translation (1883–1896); Sacred Texts Archive,https://www.sacred-texts.com/hin/maha/m06/m06025.htm,Source checked against Ganguli translation; historical episode grounded; strategic interpretation is project-derived,SOURCE_CASE,Change Management & Strategic Alignment,"Problem: Employees experience massive burnout and ethical dilemmas during a high-stakes corporate turnaround or restructuring plan.. Challenge: Aligning immediate tactical execution with macro-level corporate ethics and individual sense of purpose.. Objective: To overcome extreme execution inertia, reconnect the operators with a higher purpose and duty that transcends immediate transactional outcomes.. Category: Change Management & Strategic Alignment. Historical situation: Arjuna suffers a severe existential and psychological breakdown on the eve of the battle, refusing to fight his teachers and kinsmen."
14,Bhishma Parva,6,Adhyaya 115-119,The Fall of Bhishma using Shikhandi,"['Arjuna', 'Bhishma', 'Shikhandi', 'Krishna']","Bhishma is decimating the Pandava forces for 10 days, and his vow prevents him from being defeated by any conventional warrior.","Overcoming an unbeatable, legacy market leader protected by structural immunities.",The Pandavas exploit Bhishma's specific ethical constraint (he will not fight someone who was born female) by placing Shikhandi in front of Arjuna's chariot.,"Bhishma lowers his weapons, allowing Arjuna to pierce him with arrows and remove him from the battlefield, breaking the Kauravas' primary defensive wall.",Competitive Exploitation & Constraint Analysis,A startup confronts a legacy bank protected by heavy regulatory compliances and institutional inertia.,"Identify the competitor's unyielding ethical, legal, or systemic boundaries and construct a strategic approach directly within that blind spot.","Modern application: Identify the competitor's unyielding ethical, legal, or systemic boundaries and construct a strategic approach directly within that blind spot. This principle should be adapted to the specific context, constraints and ethical requirements of the situation.",Mahabharata — Kisari Mohan Ganguli English translation (1883–1896); Sacred Texts Archive,https://www.sacred-texts.com/hin/maha/m06/m06119.htm,Source checked against Ganguli translation; historical episode grounded; strategic interpretation is project-derived,SOURCE_CASE,Competitive Exploitation & Constraint Analysis,"Problem: A startup confronts a legacy bank protected by heavy regulatory compliances and institutional inertia.. Challenge: Overcoming an unbeatable, legacy market leader protected by structural immunities.. Objective: Identify the competitor's unyielding ethical, legal, or systemic boundaries and construct a strategic approach directly within that blind spot.. Category: Competitive Exploitation & Constraint Analysis. Historical situation: Bhishma is decimating the Pandava forces for 10 days, and his vow prevents him from being defeated by any conventional warrior."
15,Drona Parva,7,Adhyaya 33-49,The Trapping of Abhimanyu in the Chakravyuhu,"['Abhimanyu', 'Drona', 'Jayadratha', 'Duryodhana']","Drona forms the impenetrable Chakravyuhu formation. Abhimanyu knows how to enter it but not how to exit, and his backup is cut off by Jayadratha.",Managing operational over-extension without a verified exit strategy or dynamic communication infrastructure.,"Abhimanyu breaches the formation alone, achieving massive short-term tactical disruption but gets isolated deep inside enemy lines.","He is surrounded and brutally killed by seven veteran Kaurava commanders in violation of standard warfare codes, dealing a massive psychological blow to the Pandavas.",Risk Management & Project Failure,A firm aggressively enters a highly complex new foreign market without establishing local supply chain insurance or exit protocols.,Never launch a high-risk venture or entry strategy based purely on ingestion or acquisition capabilities without securing the exit and stabilization pathways.,"Modern application: Never launch a high-risk venture or entry strategy based purely on ingestion or acquisition capabilities without securing the exit and stabilization pathways. This principle should be adapted to the specific context, constraints and ethical requirements of the situation.",Mahabharata — Kisari Mohan Ganguli English translation (1883–1896); Sacred Texts Archive,https://www.sacred-texts.com/hin/maha/m07/m07033.htm,Source checked against Ganguli translation; historical episode grounded; strategic interpretation is project-derived,SOURCE_CASE,Risk Management,"Problem: A firm aggressively enters a highly complex new foreign market without establishing local supply chain insurance or exit protocols.. Challenge: Managing operational over-extension without a verified exit strategy or dynamic communication infrastructure.. Objective: Never launch a high-risk venture or entry strategy based purely on ingestion or acquisition capabilities without securing the exit and stabilization pathways.. Category: Risk Management. Historical situation: Drona forms the impenetrable Chakravyuhu formation. Abhimanyu knows how to enter it but not how to exit, and his backup is cut off by Jayadratha."
16,Drona Parva,7,Adhyaya 146-152,The Neutralization of Jayadratha before Sunset,"['Arjuna', 'Krishna', 'Jayadratha']","Arjuna vows to kill Jayadratha before sunset to avenge Abhimanyu, or immolate himself. The Kauravas heavily protect Jayadratha to exploit this time constraint.","Executing a high-stakes, time-bound mission when the adversary is deliberately running down the clock.","Krishna creates an illusion of sunset using his cosmic power, prompting the Kauravas to celebrate prematurely and causing Jayadratha to emerge unprotected.","Arjuna immediately targets and decapitates Jayadratha before the actual sun sets, neutralizing the existential threat and preserving his own life.",Time-Bound Strategy & Deception,A company faces a strict patent filing window or regulatory deadline while its competitor tries to delay them via legal filibustering.,"Manipulate the competitor's perception of timelines to induce premature celebration or relaxation, forcing them to drop their defensive shields.","Modern application: Manipulate the competitor's perception of timelines to induce premature celebration or relaxation, forcing them to drop their defensive shields. This principle should be adapted to the specific context, constraints and ethical requirements of the situation.",Mahabharata — Kisari Mohan Ganguli English translation (1883–1896); Sacred Texts Archive,https://www.sacred-texts.com/hin/maha/m07/m07145.htm,Source checked against Ganguli translation; historical episode grounded; strategic interpretation is project-derived,SOURCE_CASE,Strategy,"Problem: A company faces a strict patent filing window or regulatory deadline while its competitor tries to delay them via legal filibustering.. Challenge: Executing a high-stakes, time-bound mission when the adversary is deliberately running down the clock.. Objective: Manipulate the competitor's perception of timelines to induce premature celebration or relaxation, forcing them to drop their defensive shields.. Category: Strategy. Historical situation: Arjuna vows to kill Jayadratha before sunset to avenge Abhimanyu, or immolate himself. The Kauravas heavily protect Jayadratha to exploit this time constraint."
17,Drona Parva,7,Adhyaya 190-193,The Deception of Drona (Ashwatthama Hatah),"['Krishna', 'Yudhishthira', 'Bhima', 'Drona']",Drona is invincible on the field. Krishna realizes he can only be stopped if he willingly lays down his weapons out of grief for his son Ashwatthama.,Neutralizing an operational leader whose domain expertise makes them impervious to external market forces.,"Bhima kills an elephant named Ashwatthama. Yudhishthira utters the half-truth 'Ashwatthama is dead, the elephant or the man' while Krishna blows his conch to drown out the caveat.","Drona believes his son is dead, enters a meditative state of renunciation, and is killed by Dhrishtadyumna, removing the Kauravas' brilliant Commander-in-Chief.",Information Asymmetry & Information Warfare,A firm targets an entrenched founder by leveraging structural narratives that impact their primary personal motivation.,"In extreme scenarios, targeting an adversary's psychological anchors or core assumptions can disable their operational capacity completely.","Modern application: In extreme scenarios, targeting an adversary's psychological anchors or core assumptions can disable their operational capacity completely. This principle should be adapted to the specific context, constraints and ethical requirements of the situation.",Mahabharata — Kisari Mohan Ganguli English translation (1883–1896); Sacred Texts Archive,https://www.sacred-texts.com/hin/maha/m07/m07190.htm,Source checked against Ganguli translation; historical episode grounded; strategic interpretation is project-derived,SOURCE_CASE,Information Asymmetry & Information Warfare,"Problem: A firm targets an entrenched founder by leveraging structural narratives that impact their primary personal motivation.. Challenge: Neutralizing an operational leader whose domain expertise makes them impervious to external market forces.. Objective: In extreme scenarios, targeting an adversary's psychological anchors or core assumptions can disable their operational capacity completely.. Category: Information Asymmetry & Information Warfare. Historical situation: Drona is invincible on the field. Krishna realizes he can only be stopped if he willingly lays down his weapons out of grief for his son Ashwatthama."
18,Karna Parva,8,Adhyaya 90-95,The Fall of Karna and Chariot Crisis,"['Arjuna', 'Karna', 'Shalya', 'Krishna']","Karna faces Arjuna in the final showdown, but his chariot wheel sinks into the mud due to a curse, and his driver Shalya offers zero psychological support.",Coping with compounded infrastructure failure and lack of internal teamwork during peak competitive stress.,"Karna tries to pause the fight to lift his wheel, appealing to righteousness. Krishna reminds him of his past unrighteous acts and orders Arjuna to strike.","Arjuna shoots the Anjalika weapon and kills Karna while he is vulnerable, permanently crippling the Kaurava command structure.",Operational Vulnerability & Infrastructure Collapse,A company suffers a major database crash or supply chain failure during its busiest fiscal quarter while its primary partner deserts them.,Infrastructure failures do not trigger market pauses; your competitors will exploit your internal vulnerabilities without waiting for you to recover.,"Modern application: Infrastructure failures do not trigger market pauses; your competitors will exploit your internal vulnerabilities without waiting for you to recover. This principle should be adapted to the specific context, constraints and ethical requirements of the situation.",Mahabharata — Kisari Mohan Ganguli English translation (1883–1896); Sacred Texts Archive,https://www.sacred-texts.com/hin/maha/m08/m08091.htm,Source checked against Ganguli translation; historical episode grounded; strategic interpretation is project-derived,SOURCE_CASE,Operational Vulnerability & Infrastructure Collapse,"Problem: A company suffers a major database crash or supply chain failure during its busiest fiscal quarter while its primary partner deserts them.. Challenge: Coping with compounded infrastructure failure and lack of internal teamwork during peak competitive stress.. Objective: Infrastructure failures do not trigger market pauses; your competitors will exploit your internal vulnerabilities without waiting for you to recover.. Category: Operational Vulnerability & Infrastructure Collapse. Historical situation: Karna faces Arjuna in the final showdown, but his chariot wheel sinks into the mud due to a curse, and his driver Shalya offers zero psychological support."
19,Shalya Parva,9,Adhyaya 31-33,Duryodhana in the Vyasa Sarovara Lake,"['Duryodhana', 'Yudhishthira', 'Krishna']","With his army destroyed, Duryodhana hides inside the waters of Vyasa Sarovara lake using solidifying mantras to recover and evade capture.",Flushing out a hidden executive or competitor who has completely withdrawn from the market to stall for time.,"Yudhishthira uses psychological baiting, mocking Duryodhana's cowardice until his pride forces him to step out and fight.","Duryodhana leaves his safe haven to engage in a mace duel, leading directly to the final resolution of the war.",Psychological Baiting & Competitor Tactic,"A legal team needs to force an elusive, wealthy corporate fraudster to break their silence and appear in court.","When physical or systemic walls protect an adversary, use their ego, public prestige, or brand identity as leverage to pull them into an active engagement.","Modern application: When physical or systemic walls protect an adversary, use their ego, public prestige, or brand identity as leverage to pull them into an active engagement. This principle should be adapted to the specific context, constraints and ethical requirements of the situation.",Mahabharata — Kisari Mohan Ganguli English translation (1883–1896); Sacred Texts Archive,https://www.sacred-texts.com/hin/maha/m09/m09031.htm,Source checked against Ganguli translation; historical episode grounded; strategic interpretation is project-derived,SOURCE_CASE,Psychological Baiting & Competitor Tactic,"Problem: A legal team needs to force an elusive, wealthy corporate fraudster to break their silence and appear in court.. Challenge: Flushing out a hidden executive or competitor who has completely withdrawn from the market to stall for time.. Objective: When physical or systemic walls protect an adversary, use their ego, public prestige, or brand identity as leverage to pull them into an active engagement.. Category: Psychological Baiting & Competitor Tactic. Historical situation: With his army destroyed, Duryodhana hides inside the waters of Vyasa Sarovara lake using solidifying mantras to recover and evade capture."
20,Shalya Parva,9,Adhyaya 55-60,The Mace Duel and Bhima's Tactical Strike,"['Bhima', 'Duryodhana', 'Krishna', 'Arjuna']","Bhima is losing the mace duel to Duryodhana, whose body is structurally invulnerable except for his thighs.",Defeating an opponent who possesses superior mechanical or operational durability under standard rules.,"Krishna slaps his own thigh to signal Arjuna, who alerts Bhima. Bhima breaks the rules of mace warfare by striking Duryodhana below the belt.","Duryodhana is mortally wounded and defeated, ending the Kaurava resistance, though it causes intense debate regarding tactical purity vs. strategic necessity.",Tactical Asymmetry & Crisis Execution,"A business must decide whether to use aggressive, unprecedented gray-hat tactics to dismantle a predatory monopoly.","When fighting an existential battle against an absolute tyrant, survival and systemic correction may necessitate unconventional, rule-bending maneuvers.","Modern application: When fighting an existential battle against an absolute tyrant, survival and systemic correction may necessitate unconventional, rule-bending maneuvers. This principle should be adapted to the specific context, constraints and ethical requirements of the situation.",Mahabharata — Kisari Mohan Ganguli English translation (1883–1896); Sacred Texts Archive,https://www.sacred-texts.com/hin/maha/m09/m09058.htm,Source checked against Ganguli translation; historical episode grounded; strategic interpretation is project-derived,SOURCE_CASE,Crisis Management,"Problem: A business must decide whether to use aggressive, unprecedented gray-hat tactics to dismantle a predatory monopoly.. Challenge: Defeating an opponent who possesses superior mechanical or operational durability under standard rules.. Objective: When fighting an existential battle against an absolute tyrant, survival and systemic correction may necessitate unconventional, rule-bending maneuvers.. Category: Crisis Management. Historical situation: Bhima is losing the mace duel to Duryodhana, whose body is structurally invulnerable except for his thighs."
21,Sauptika Parva,10,Adhyaya 1-9,The Midnight Massacre of the Pandava Camp,"['Ashwatthama', 'Kripacharya', 'Kritavarma']","Devastated by his father's death and Duryodhana's defeat, Ashwatthama launches a stealth, nocturnal raid on the sleeping Pandava camp, violating all ancient rules of engagement.","Protecting operations against radical, non-traditional threats that ignore institutional compliance rules.","Ashwatthama invokes Lord Shiva's destructive energy and slaughter all warriors in their sleep, thinking the Pandavas are among them.","The entire Pandava army and Draupadi's sons are completely wiped out, although the core Pandava brothers survive because they were away with Krishna.",Security Failure & Black Swan Events,A company suffers a devastating ransomware attack during a holiday weekend when its security team is fully offline.,Complacency post-victory or assuming the adversary will respect standard operational hours creates fatal security blind spots.,"Modern application: Complacency post-victory or assuming the adversary will respect standard operational hours creates fatal security blind spots. This principle should be adapted to the specific context, constraints and ethical requirements of the situation.",Mahabharata — Kisari Mohan Ganguli English translation (1883–1896); Sacred Texts Archive,https://www.sacred-texts.com/hin/maha/m10/m10008.htm,Source checked against Ganguli translation; historical episode grounded; strategic interpretation is project-derived,SOURCE_CASE,Security Failure & Black Swan Events,"Problem: A company suffers a devastating ransomware attack during a holiday weekend when its security team is fully offline.. Challenge: Protecting operations against radical, non-traditional threats that ignore institutional compliance rules.. Objective: Complacency post-victory or assuming the adversary will respect standard operational hours creates fatal security blind spots.. Category: Security Failure & Black Swan Events. Historical situation: Devastated by his father's death and Duryodhana's defeat, Ashwatthama launches a stealth, nocturnal raid on the sleeping Pandava camp, violating all ancient rules of engagement."
22,Stri Parva,11,Adhyaya 10-15,Gandhari's Curse and Wrath Management,"['Yudhishthira', 'Gandhari', 'Krishna']",The Pandavas visit Queen Gandhari after killing all 100 of her sons; her immense grief gives her the power to incinerate them with a glance.,Managing intense post-conflict stakeholder backlash and structural anger from damaged parties.,"Krishna manages the interactions gracefully, and Yudhishthira steps forward with humility, taking full accountability for his actions rather than defending them.","Gandhari's wrath is contained; she only looks down at Yudhishthira's toenails (charring them slightly) before shifting into reconciliation, saving the dynasty.",Stakeholder Management & Public Relations,A corporation must address an enraged community or consumer base after a major product recall or environmental disaster.,Acknowledge grief and damage transparently; taking personal accountability absorbs stakeholder anger far better than technical or legal defense arguments.,"Modern application: Acknowledge grief and damage transparently; taking personal accountability absorbs stakeholder anger far better than technical or legal defense arguments. This principle should be adapted to the specific context, constraints and ethical requirements of the situation.",Mahabharata — Kisari Mohan Ganguli English translation (1883–1896); Sacred Texts Archive,https://www.sacred-texts.com/hin/maha/m11/m11015.htm,Source checked against Ganguli translation; historical episode grounded; strategic interpretation is project-derived,SOURCE_CASE,Stakeholder Management & Public Relations,Problem: A corporation must address an enraged community or consumer base after a major product recall or environmental disaster.. Challenge: Managing intense post-conflict stakeholder backlash and structural anger from damaged parties.. Objective: Acknowledge grief and damage transparently; taking personal accountability absorbs stakeholder anger far better than technical or legal defense arguments.. Category: Stakeholder Management & Public Relations. Historical situation: The Pandavas visit Queen Gandhari after killing all 100 of her sons; her immense grief gives her the power to incinerate them with a glance.
23,Santi Parva,12,Adhyaya 56-65 (Rajadharma),Bhishma's Instructions on Statecraft,"['Bhishma', 'Yudhishthira']","Yudhishthira is overwhelmed by guilt and depression after the war and refuses to rule. Bhishma, lying on the bed of arrows, teaches him the art of governance.",Restructuring organizational governance and recovering operational morale after a highly traumatic restructuring or crisis.,"Bhishma outlines the duties of a king (Rajadharma), emphasizing data collection, balancing treasury management with welfare, and maintaining institutional justice.","Yudhishthira gains clarity, accepts his institutional role, and establishes an era of absolute stable governance and economic prosperity.",Corporate Governance & Succession,"A new CEO takes over a bankrupt, culturally shattered organization post-merger and must lay down new core values.",Governance requires an absolute separation of personal emotion from institutional duties; the health of the collective ecosystem is the leader's primary charge.,"Modern application: Governance requires an absolute separation of personal emotion from institutional duties; the health of the collective ecosystem is the leader's primary charge. This principle should be adapted to the specific context, constraints and ethical requirements of the situation.",Mahabharata — Kisari Mohan Ganguli English translation (1883–1896); Sacred Texts Archive,https://www.sacred-texts.com/hin/maha/m12/m12a056.htm,Source checked against Ganguli translation; historical episode grounded; strategic interpretation is project-derived,SOURCE_CASE,Leadership/Governance,"Problem: A new CEO takes over a bankrupt, culturally shattered organization post-merger and must lay down new core values.. Challenge: Restructuring organizational governance and recovering operational morale after a highly traumatic restructuring or crisis.. Objective: Governance requires an absolute separation of personal emotion from institutional duties; the health of the collective ecosystem is the leader's primary charge.. Category: Leadership/Governance. Historical situation: Yudhishthira is overwhelmed by guilt and depression after the war and refuses to rule. Bhishma, lying on the bed of arrows, teaches him the art of governance."
24,Anushasana Parva,13,Adhyaya 1-5,The Analysis of Karma and Accountability,"['Bhishma', 'Yudhishthira', 'Gautami']",Yudhishthira asks Bhishma about the root cause of human suffering and whether individual actions or deterministic fate rules outcomes.,Building an analytical model for tracking historical accountability and causative factors behind systemic failure.,"Bhishma uses multiple parables to explain that while environmental variables (Daiva) exist, individual human exertion (Purushakara) is the ultimate determinant of success.","Provides a robust conceptual foundation for accountability, eliminating fatalistic complacency within the leadership ranks.",Organizational Culture & Accountability,A corporate board struggles with an executive team that blames global macroeconomics for internal performance failures.,"External market conditions provide the context, but internal strategic execution and agility dictate the survival and ultimate growth of the firm.","Modern application: External market conditions provide the context, but internal strategic execution and agility dictate the survival and ultimate growth of the firm. This principle should be adapted to the specific context, constraints and ethical requirements of the situation.",Mahabharata — Kisari Mohan Ganguli English translation (1883–1896); Sacred Texts Archive,https://www.sacred-texts.com/hin/maha/m13/m13a001.htm,Source checked against Ganguli translation; historical episode grounded; strategic interpretation is project-derived,SOURCE_CASE,Organizational Culture & Accountability,"Problem: A corporate board struggles with an executive team that blames global macroeconomics for internal performance failures.. Challenge: Building an analytical model for tracking historical accountability and causative factors behind systemic failure.. Objective: External market conditions provide the context, but internal strategic execution and agility dictate the survival and ultimate growth of the firm.. Category: Organizational Culture & Accountability. Historical situation: Yudhishthira asks Bhishma about the root cause of human suffering and whether individual actions or deterministic fate rules outcomes."
25,Ashvamedhika Parva,14,Adhyaya 16-51,The Anugita Recitation,"['Krishna', 'Arjuna']","After the war, Arjuna confesses to Krishna that he has forgotten the profound spiritual and strategic teachings of the Bhagavad Gita due to worldly distractions.",Ensuring continuous knowledge retention and training reinforcement in an organization post-crisis.,"Krishna reprimands Arjuna for his lack of retention but patienty delivers the Anugita, re-explaining the core frameworks of consciousness and duty using alternative narratives.","The knowledge base is successfully updated and reinforced, ensuring the long-term mental stability and governance readiness of the lead warrior.",Knowledge Management & Continuous Learning,An organization discovers that its team completely forgets corporate compliance and crisis safety protocols six months after standard training.,"Strategic frameworks and core principles require constant reinforcement, iterative storytelling, and ongoing learning loops to remain active.","Modern application: Strategic frameworks and core principles require constant reinforcement, iterative storytelling, and ongoing learning loops to remain active. This principle should be adapted to the specific context, constraints and ethical requirements of the situation.",Mahabharata — Kisari Mohan Ganguli English translation (1883–1896); Sacred Texts Archive,https://www.sacred-texts.com/hin/maha/m14/m14016.htm,Source checked against Ganguli translation; historical episode grounded; strategic interpretation is project-derived,SOURCE_CASE,Knowledge Management & Continuous Learning,"Problem: An organization discovers that its team completely forgets corporate compliance and crisis safety protocols six months after standard training.. Challenge: Ensuring continuous knowledge retention and training reinforcement in an organization post-crisis.. Objective: Strategic frameworks and core principles require constant reinforcement, iterative storytelling, and ongoing learning loops to remain active.. Category: Knowledge Management & Continuous Learning. Historical situation: After the war, Arjuna confesses to Krishna that he has forgotten the profound spiritual and strategic teachings of the Bhagavad Gita due to worldly distractions."
26,Ashvamedhika Parva,14,Adhyaya 66-70,The Revival of Parikshit,"['Krishna', 'Parikshit', 'Uttara']","Ashwatthama's Brahmashira weapon targets Uttara's womb, causing the future heir Parikshit to be born stillborn, threatening the absolute extinction of the line.",Reviving a dead asset or core project line that has been completely terminated by a rival's parting strike.,"Krishna steps forward and uses the absolute power of his lifelong commitment to truth and righteousness to counteract the radiation of the weapon, injecting life into the child.","Parikshit is successfully revived, securing the survival of the Pandava lineage and guaranteeing long-term generational continuity for the empire.",Disaster Recovery & Business Continuity,"A vital, multi-million dollar product development line is completely wiped out by an abrupt system corruption or sudden IP lawsuit.",Saving a fatally compromised critical asset requires a leader to deploy their ultimate foundational capital and uncompromised resources to restart the pipeline.,"Modern application: Saving a fatally compromised critical asset requires a leader to deploy their ultimate foundational capital and uncompromised resources to restart the pipeline. This principle should be adapted to the specific context, constraints and ethical requirements of the situation.",Mahabharata — Kisari Mohan Ganguli English translation (1883–1896); Sacred Texts Archive,https://www.sacred-texts.com/hin/maha/m14/m14066.htm,Source checked against Ganguli translation; historical episode grounded; strategic interpretation is project-derived,SOURCE_CASE,Disaster Recovery & Business Continuity,"Problem: A vital, multi-million dollar product development line is completely wiped out by an abrupt system corruption or sudden IP lawsuit.. Challenge: Reviving a dead asset or core project line that has been completely terminated by a rival's parting strike.. Objective: Saving a fatally compromised critical asset requires a leader to deploy their ultimate foundational capital and uncompromised resources to restart the pipeline.. Category: Disaster Recovery & Business Continuity. Historical situation: Ashwatthama's Brahmashira weapon targets Uttara's womb, causing the future heir Parikshit to be born stillborn, threatening the absolute extinction of the line."
27,Asramavasika Parva,15,Adhyaya 1-10,Dhritarashtra's Retirement and Coexistence,"['Yudhishthira', 'Dhritarashtra', 'Bhima']","For 15 years after the war, the defeated former King Dhritarashtra lives in the same palace under Yudhishthira's governance, despite past intense animosity.",Integrating legacy hostile leadership post-acquisition into the new institutional governance framework without triggering new friction.,"Yudhishthira treats Dhritarashtra with absolute royal honor, consulting him on all administrative decisions, despite Bhima's vocal resentment.",Guarantees a peaceful political transition and prevents civil unrest among legacy royal loyalists until Dhritarashtra willingly chooses to retire to the forest.,Post-Merger Integration & Legacy Leadership,An acquiring firm must manage the former founder of the acquired company who remains on the board with a massive legacy following.,"Honoring legacy leadership publicly defuses corporate tribalism and ensures smooth knowledge transfer, even if deep operational friction remains.","Modern application: Honoring legacy leadership publicly defuses corporate tribalism and ensures smooth knowledge transfer, even if deep operational friction remains. This principle should be adapted to the specific context, constraints and ethical requirements of the situation.",Mahabharata — Kisari Mohan Ganguli English translation (1883–1896); Sacred Texts Archive,https://www.sacred-texts.com/hin/maha/m15/m15001.htm,Source checked against Ganguli translation; historical episode grounded; strategic interpretation is project-derived,SOURCE_CASE,Leadership/Governance,"Problem: An acquiring firm must manage the former founder of the acquired company who remains on the board with a massive legacy following.. Challenge: Integrating legacy hostile leadership post-acquisition into the new institutional governance framework without triggering new friction.. Objective: Honoring legacy leadership publicly defuses corporate tribalism and ensures smooth knowledge transfer, even if deep operational friction remains.. Category: Leadership/Governance. Historical situation: For 15 years after the war, the defeated former King Dhritarashtra lives in the same palace under Yudhishthira's governance, despite past intense animosity."
28,Mausala Parva,16,Adhyaya 1-8,The Destruction of the Yadava Clan,"['Krishna', 'Balarama', 'Samba']","The Yadavas become immensely wealthy, arrogant, and undisciplined. A curse leads them to drink alcohol and turn on each other using local reeds that turn into iron rods.","Managing internal cultural decay, toxic entitlement, and systemic self-destruction born from extreme success.","Krishna recognizes that the internal rot has become terminal and irreversible under natural laws; he does not intervene to save them, allowing the system to self-destruct.","The entire Yadava military superpower wipes itself out completely from within, demonstrating that internal cultural collapse is more lethal than any external army.",Organizational Culture & Terminal Decline,"A market-dominant tech giant collapses due to internal politics, toxic corporate culture, and absolute complacency.","When an organization's core internal culture becomes entirely toxic and self-serving, no amount of external financing or strategic pivoting can prevent its collapse.","Modern application: When an organization's core internal culture becomes entirely toxic and self-serving, no amount of external financing or strategic pivoting can prevent its collapse. This principle should be adapted to the specific context, constraints and ethical requirements of the situation.",Mahabharata — Kisari Mohan Ganguli English translation (1883–1896); Sacred Texts Archive,https://www.sacred-texts.com/hin/maha/m16/m16001.htm,Source checked against Ganguli translation; historical episode grounded; strategic interpretation is project-derived,SOURCE_CASE,Organizational Culture & Terminal Decline,"Problem: A market-dominant tech giant collapses due to internal politics, toxic corporate culture, and absolute complacency.. Challenge: Managing internal cultural decay, toxic entitlement, and systemic self-destruction born from extreme success.. Objective: When an organization's core internal culture becomes entirely toxic and self-serving, no amount of external financing or strategic pivoting can prevent its collapse.. Category: Organizational Culture & Terminal Decline. Historical situation: The Yadavas become immensely wealthy, arrogant, and undisciplined. A curse leads them to drink alcohol and turn on each other using local reeds that turn into iron rods."
29,Mahaprasthanika Parva,17,Adhyaya 1-3,The Great Journey to the Himalayas,"['Yudhishthira', 'Draupadi', 'Bhima', 'Arjuna', 'Nakula', 'Sahadeva']","Recognizing the arrival of the Kali Yuga and completing their worldly missions, the Pandavas renounce the kingdom and embark on a final ascent up the Himalayas.","Executing a graceful, planned exit strategy and retirement from lifelong peak positions of power.","They walk in a single file line, refusing to look back as individual members fall one by one due to their micro-level attachments or pride.","Only Yudhishthira reaches the summit alive due to his uncompromised adherence to core values, executing the ultimate clean transition of state power to Parikshit.",Exit Strategy & Succession Planning,"A successful founding team must execute a clean, absolute handover of their corporate empire without lingering micro-management.","True leadership includes knowing when your strategic era is complete, letting go of operational control gracefully, and trusting the new foundation.","Modern application: True leadership includes knowing when your strategic era is complete, letting go of operational control gracefully, and trusting the new foundation. This principle should be adapted to the specific context, constraints and ethical requirements of the situation.",Mahabharata — Kisari Mohan Ganguli English translation (1883–1896); Sacred Texts Archive,https://www.sacred-texts.com/hin/maha/m17/m17001.htm,Source checked against Ganguli translation; historical episode grounded; strategic interpretation is project-derived,SOURCE_CASE,Strategy,"Problem: A successful founding team must execute a clean, absolute handover of their corporate empire without lingering micro-management.. Challenge: Executing a graceful, planned exit strategy and retirement from lifelong peak positions of power.. Objective: True leadership includes knowing when your strategic era is complete, letting go of operational control gracefully, and trusting the new foundation.. Category: Strategy. Historical situation: Recognizing the arrival of the Kali Yuga and completing their worldly missions, the Pandavas renounce the kingdom and embark on a final ascent up the Himalayas."
30,Svargarohana Parva,18,Adhyaya 1-5,The Ultimate Test in Hell,"['Yudhishthira', 'Indra', 'Dharma (The Dog)']","Yudhishthira reaches heaven but finds his rivals there while his brothers and Draupadi are suffering in an illusionary hell, testing his ultimate adherence to empathy.",Maintaining baseline core values and loyalty under systemic gaslighting or inverse reward structures.,"Yudhishthira refuses to leave his suffering companions for personal heavenly comfort, choosing to stay in hell to preserve his moral duties.","The illusion shatters; it is revealed as a final test of his character. He is granted absolute status in the real spiritual realm, cementing his legacy as the King of Dharma.",AI Ethics & Corporate Governance,A corporate whistleblower or AI governance lead faces extreme systemic pressure to hide safety risks for high short-term profits.,True integrity is defined by standing firm on core ethical values precisely when the immediate system appears to penalize righteousness and reward corruption.,"Modern application: True integrity is defined by standing firm on core ethical values precisely when the immediate system appears to penalize righteousness and reward corruption. This principle should be adapted to the specific context, constraints and ethical requirements of the situation.",Mahabharata — Kisari Mohan Ganguli English translation (1883–1896); Sacred Texts Archive,https://www.sacred-texts.com/hin/maha/m18/m18001.htm,Source checked against Ganguli translation; historical episode grounded; strategic interpretation is project-derived,SOURCE_CASE,Leadership/Governance,"Problem: A corporate whistleblower or AI governance lead faces extreme systemic pressure to hide safety risks for high short-term profits.. Challenge: Maintaining baseline core values and loyalty under systemic gaslighting or inverse reward structures.. Objective: True integrity is defined by standing firm on core ethical values precisely when the immediate system appears to penalize righteousness and reward corruption.. Category: Leadership/Governance. Historical situation: Yudhishthira reaches heaven but finds his rivals there while his brothers and Draupadi are suffering in an illusionary hell, testing his ultimate adherence to empathy."
31,Adi Parva,1,"Sections CCXXIV-CCXXXVI (224-236), Khandava-daha Parva",Khandava Forest Episode,"['Krishna', 'Arjuna', 'Agni']","Agni seeks assistance to consume the Khandava forest and Krishna and Arjuna agree to help, obtaining the means needed for the task.",Meeting a difficult objective while facing powerful external interference and resource constraints.,Krishna and Arjuna secure suitable weapons and coordinate their roles to protect Agni while the objective is pursued.,The requested objective is accomplished after sustained coordinated effort.,Strategy / Resource Management,A project team has a difficult objective and must secure the tools and roles needed before execution.,"Clarify the objective, secure required capabilities, and coordinate roles before taking on a difficult task.","Modern application: Clarify the objective, secure required capabilities, and coordinate roles before taking on a difficult task. This principle should be adapted to the specific context, constraints and ethical requirements of the situation.",Mahabharata — Kisari Mohan Ganguli English translation (1883–1896); Sacred Texts Archive,https://original.sacred-texts.com/hin/m01/index.htm,Source checked against Ganguli translation; historical episode grounded; strategic interpretation is project-derived,SOURCE_EXPANSION_V8,Strategy,"Problem: A project team has a difficult objective and must secure the tools and roles needed before execution.. Challenge: Meeting a difficult objective while facing powerful external interference and resource constraints.. Objective: Clarify the objective, secure required capabilities, and coordinate roles before taking on a difficult task.. Category: Strategy. Historical situation: Agni seeks assistance to consume the Khandava forest and Krishna and Arjuna agree to help, obtaining the means needed for the task."
32,Adi Parva,1,Adhyaya 182-193 (Swayamvara narrative),Draupadi Swayamvara,"['Arjuna', 'Draupadi', 'Drupada']","The Pandavas, living in disguise, participate in a demanding contest while maintaining their concealed identity.",Demonstrating capability while operating under uncertainty and identity constraints.,Arjuna focuses on the task and succeeds without prematurely exposing the group.,The Pandavas gain a major alliance through the outcome.,Decision Making / Alliance,A small team needs to demonstrate capability publicly while protecting sensitive information.,Focus on the objective while controlling unnecessary exposure of sensitive information.,"Modern application: Focus on the objective while controlling unnecessary exposure of sensitive information. This principle should be adapted to the specific context, constraints and ethical requirements of the situation.",Mahabharata — Kisari Mohan Ganguli English translation (1883–1896); Sacred Texts Archive,https://sacred-texts.com/hin/m01/index.htm,Source checked against Ganguli translation; historical episode grounded; strategic interpretation is project-derived,SOURCE_EXPANSION_V8,Alliance/Cooperation,"Problem: A small team needs to demonstrate capability publicly while protecting sensitive information.. Challenge: Demonstrating capability while operating under uncertainty and identity constraints.. Objective: Focus on the objective while controlling unnecessary exposure of sensitive information.. Category: Alliance/Cooperation. Historical situation: The Pandavas, living in disguise, participate in a demanding contest while maintaining their concealed identity."
33,Sabha Parva,2,Dice-game sections,The Dice Game and Loss of the Kingdom,"['Yudhishthira', 'Shakuni', 'Duryodhana']",Yudhishthira accepts a sequence of wagers in a hostile setting and progressively loses control of the situation.,Recognizing escalating risk and the danger of continuing after adverse outcomes.,Yudhishthira continues participating despite worsening losses.,"The Pandavas lose wealth, kingdom and freedom in the sequence of wagers.",Risk / Decision Making,A person or team keeps increasing commitment after repeated losses because of pressure or sunk costs.,A deteriorating decision environment should trigger reassessment rather than automatic continuation.,"Modern application: A deteriorating decision environment should trigger reassessment rather than automatic continuation. This principle should be adapted to the specific context, constraints and ethical requirements of the situation.",Mahabharata — Kisari Mohan Ganguli English translation (1883–1896); Sacred Texts Archive,https://sacred-texts.com/hin/m02/index.htm,Source checked against Ganguli translation; historical episode grounded; strategic interpretation is project-derived,SOURCE_EXPANSION_V8,Risk Management,Problem: A person or team keeps increasing commitment after repeated losses because of pressure or sunk costs.. Challenge: Recognizing escalating risk and the danger of continuing after adverse outcomes.. Objective: A deteriorating decision environment should trigger reassessment rather than automatic continuation.. Category: Risk Management. Historical situation: Yudhishthira accepts a sequence of wagers in a hostile setting and progressively loses control of the situation.
34,Sabha Parva,2,Dice-game and assembly sections,Draupadi in the Kuru Assembly,"['Draupadi', 'Yudhishthira', 'Bhishma', 'Vidura', 'Duryodhana']",Draupadi challenges the legitimacy of her treatment in the assembly and asks questions about rights and responsibility.,"Handling a contested decision where authority, procedure and legitimacy are disputed.",Draupadi publicly questions the legal and ethical basis of the action.,"The assembly fails to resolve the dispute cleanly, and the conflict deepens.",Ethics / Governance,An organization faces a contested decision and stakeholders question whether the process was legitimate.,"When legitimacy is disputed, examine the decision process and responsibilities rather than relying only on authority.","Modern application: When legitimacy is disputed, examine the decision process and responsibilities rather than relying only on authority. This principle should be adapted to the specific context, constraints and ethical requirements of the situation.",Mahabharata — Kisari Mohan Ganguli English translation (1883–1896); Sacred Texts Archive,https://sacred-texts.com/hin/m02/index.htm,Source checked against Ganguli translation; historical episode grounded; strategic interpretation is project-derived,SOURCE_EXPANSION_V8,Leadership/Governance,"Problem: An organization faces a contested decision and stakeholders question whether the process was legitimate.. Challenge: Handling a contested decision where authority, procedure and legitimacy are disputed.. Objective: When legitimacy is disputed, examine the decision process and responsibilities rather than relying only on authority.. Category: Leadership/Governance. Historical situation: Draupadi challenges the legitimacy of her treatment in the assembly and asks questions about rights and responsibility."
35,Vana Parva,3,Yaksha-prashna sections,Yaksha Prashna,"['Yudhishthira', 'Yaksha']",Yudhishthira faces a sequence of difficult questions under pressure after his brothers have fallen unconscious.,Making careful decisions when information is limited and the consequences of error are high.,"Yudhishthira listens, answers carefully, and prioritizes judgment rather than rushing.",He answers successfully and his brothers are restored.,Uncertainty / Decision Making,A project lead must make a high-consequence decision with incomplete information and limited time.,"Under uncertainty, deliberate reasoning and attention to the decision constraints can outperform impulsive action.","Modern application: Under uncertainty, deliberate reasoning and attention to the decision constraints can outperform impulsive action. This principle should be adapted to the specific context, constraints and ethical requirements of the situation.",Mahabharata — Kisari Mohan Ganguli English translation (1883–1896); Sacred Texts Archive,https://original.sacred-texts.com/hin/m03/index.htm,Source checked against Ganguli translation; historical episode grounded; strategic interpretation is project-derived,SOURCE_EXPANSION_V8,Uncertainty/Decision Making,"Problem: A project lead must make a high-consequence decision with incomplete information and limited time.. Challenge: Making careful decisions when information is limited and the consequences of error are high.. Objective: Under uncertainty, deliberate reasoning and attention to the decision constraints can outperform impulsive action.. Category: Uncertainty/Decision Making. Historical situation: Yudhishthira faces a sequence of difficult questions under pressure after his brothers have fallen unconscious."
36,Vana Parva,3,Adhyaya 12-24 (Kirmira narrative),Kirmira Encounter,"['Bhima', 'Kirmira', 'Yudhishthira']",The Pandavas encounter a hostile threat during exile and must protect their group while continuing their journey.,Protecting a team while maintaining progress during an unexpected disruption.,Bhima confronts the immediate threat while the rest of the group remains protected.,The threat is defeated and the group continues.,Crisis Management,A team encounters an unexpected disruptive threat while operating away from normal support.,Separate immediate threat handling from the broader mission so the whole team is not exposed unnecessarily.,"Modern application: Separate immediate threat handling from the broader mission so the whole team is not exposed unnecessarily. This principle should be adapted to the specific context, constraints and ethical requirements of the situation.",Mahabharata — Kisari Mohan Ganguli English translation (1883–1896); Sacred Texts Archive,https://original.sacred-texts.com/hin/m03/index.htm,Source checked against Ganguli translation; historical episode grounded; strategic interpretation is project-derived,SOURCE_EXPANSION_V8,Crisis Management,Problem: A team encounters an unexpected disruptive threat while operating away from normal support.. Challenge: Protecting a team while maintaining progress during an unexpected disruption.. Objective: Separate immediate threat handling from the broader mission so the whole team is not exposed unnecessarily.. Category: Crisis Management. Historical situation: The Pandavas encounter a hostile threat during exile and must protect their group while continuing their journey.
37,Vana Parva,3,"Section CCXXXI (231), Draupadi-Satyabhama Samvada",Draupadi and Satyabhama Dialogue,"['Draupadi', 'Satyabhama']",Satyabhama asks Draupadi about maintaining relationships and household responsibilities under difficult circumstances.,Managing relationships and responsibilities consistently despite demanding circumstances.,"Draupadi describes disciplined routines, responsibilities and conduct.",The dialogue presents a model of sustained responsibility and relationship management.,Leadership / Communication,A team leader must maintain trust and responsibilities during a stressful project period.,Consistency in responsibilities and communication helps preserve trust during pressure.,"Modern application: Consistency in responsibilities and communication helps preserve trust during pressure. This principle should be adapted to the specific context, constraints and ethical requirements of the situation.",Mahabharata — Kisari Mohan Ganguli English translation (1883–1896); Sacred Texts Archive,https://original.sacred-texts.com/hin/m03/index.htm,Source checked against Ganguli translation; historical episode grounded; strategic interpretation is project-derived,SOURCE_EXPANSION_V8,Leadership/Governance,Problem: A team leader must maintain trust and responsibilities during a stressful project period.. Challenge: Managing relationships and responsibilities consistently despite demanding circumstances.. Objective: Consistency in responsibilities and communication helps preserve trust during pressure.. Category: Leadership/Governance. Historical situation: Satyabhama asks Draupadi about maintaining relationships and household responsibilities under difficult circumstances.
38,Virata Parva,4,"Kichaka-badha Parva, Sections XIV-XXV",Kichaka Incident,"['Draupadi', 'Bhima', 'Kichaka']",Draupadi faces harassment by a powerful court figure while the Pandavas must preserve their disguise.,Addressing a serious internal threat without exposing a larger strategic position.,Bhima and Draupadi arrange a controlled confrontation that removes the immediate threat while preserving the disguise.,Kichaka is killed and the Pandavas remain undiscovered.,Crisis Management / Risk,A team faces a serious internal threat while disclosure of its wider operation would create additional risk.,Resolve the immediate threat while protecting the confidentiality of the broader mission.,"Modern application: Resolve the immediate threat while protecting the confidentiality of the broader mission. This principle should be adapted to the specific context, constraints and ethical requirements of the situation.",Mahabharata — Kisari Mohan Ganguli English translation (1883–1896); Sacred Texts Archive,https://original.sacred-texts.com/hin/m04/index.htm,Source checked against Ganguli translation; historical episode grounded; strategic interpretation is project-derived,SOURCE_EXPANSION_V8,Risk Management,Problem: A team faces a serious internal threat while disclosure of its wider operation would create additional risk.. Challenge: Addressing a serious internal threat without exposing a larger strategic position.. Objective: Resolve the immediate threat while protecting the confidentiality of the broader mission.. Category: Risk Management. Historical situation: Draupadi faces harassment by a powerful court figure while the Pandavas must preserve their disguise.
39,Virata Parva,4,"Go-harana Parva, Sections XXVI-LXXII",Recovery of Virata’s Cattle,"['Arjuna', 'Uttara', 'Virata', 'Kaurava army']",The Kaurava forces seize Virata’s cattle and Uttara initially lacks confidence to confront the threat.,Recovering critical assets when the available leader or team initially lacks confidence.,Arjuna takes the operational lead while Uttara serves in a supporting role.,The cattle are recovered and the opposing force is repelled.,Leadership / Resource Management,A team must recover critical assets when its nominal lead is inexperienced or overwhelmed.,Match roles to capability and allow experienced members to take the critical operational role.,"Modern application: Match roles to capability and allow experienced members to take the critical operational role. This principle should be adapted to the specific context, constraints and ethical requirements of the situation.",Mahabharata — Kisari Mohan Ganguli English translation (1883–1896); Sacred Texts Archive,https://original.sacred-texts.com/hin/m04/index.htm,Source checked against Ganguli translation; historical episode grounded; strategic interpretation is project-derived,SOURCE_EXPANSION_V8,Leadership/Governance,Problem: A team must recover critical assets when its nominal lead is inexperienced or overwhelmed.. Challenge: Recovering critical assets when the available leader or team initially lacks confidence.. Objective: Match roles to capability and allow experienced members to take the critical operational role.. Category: Leadership/Governance. Historical situation: The Kaurava forces seize Virata’s cattle and Uttara initially lacks confidence to confront the threat.
40,Udyoga Parva,5,Sections XXXI-XL,Sanjaya’s Peace Mission,"['Sanjaya', 'Yudhishthira', 'Krishna', 'Duryodhana']",Sanjaya carries messages between the opposing sides while both parties assess whether peace remains possible.,Communicating between parties with incompatible interests without escalating the conflict.,Sanjaya presents the position of one side while seeking a peaceful resolution.,The exchange clarifies positions but does not prevent the later escalation.,Diplomacy / Communication,A mediator must communicate between two groups with strong disagreements.,A mediator should accurately communicate positions while preserving room for peaceful settlement.,"Modern application: A mediator should accurately communicate positions while preserving room for peaceful settlement. This principle should be adapted to the specific context, constraints and ethical requirements of the situation.",Mahabharata — Kisari Mohan Ganguli English translation (1883–1896); Sacred Texts Archive,https://original.sacred-texts.com/hin/m05/index.htm,Source checked against Ganguli translation; historical episode grounded; strategic interpretation is project-derived,SOURCE_EXPANSION_V8,Negotiation/Diplomacy,Problem: A mediator must communicate between two groups with strong disagreements.. Challenge: Communicating between parties with incompatible interests without escalating the conflict.. Objective: A mediator should accurately communicate positions while preserving room for peaceful settlement.. Category: Negotiation/Diplomacy. Historical situation: Sanjaya carries messages between the opposing sides while both parties assess whether peace remains possible.
41,Udyoga Parva,5,"Sanat-sujata Parva, Sections XLI-LXXI",Vidura and Sanat-sujata Counsel,"['Vidura', 'Dhritarashtra', 'Sanat-sujata']","Dhritarashtra seeks counsel about difficult matters, and Vidura brings in Sanat-sujata to address deeper doubts.",Seeking appropriate expertise when existing advice is insufficient.,Vidura recognizes the limits of his own role and introduces another source of counsel.,Dhritarashtra receives additional counsel addressing his doubts.,Leadership / Knowledge Management,A leader encounters a problem beyond the expertise of the immediate team.,Good decision-making includes recognizing when to seek specialized expertise.,"Modern application: Good decision-making includes recognizing when to seek specialized expertise. This principle should be adapted to the specific context, constraints and ethical requirements of the situation.",Mahabharata — Kisari Mohan Ganguli English translation (1883–1896); Sacred Texts Archive,https://sacred-texts.com/hin/m05/index.htm,Source checked against Ganguli translation; historical episode grounded; strategic interpretation is project-derived,SOURCE_EXPANSION_V8,Leadership/Governance,"Problem: A leader encounters a problem beyond the expertise of the immediate team.. Challenge: Seeking appropriate expertise when existing advice is insufficient.. Objective: Good decision-making includes recognizing when to seek specialized expertise.. Category: Leadership/Governance. Historical situation: Dhritarashtra seeks counsel about difficult matters, and Vidura brings in Sanat-sujata to address deeper doubts."
42,Udyoga Parva,5,Sections XXIV-XXXI,Vidura’s Counsel and the Cost of Ignoring Advice,"['Vidura', 'Dhritarashtra', 'Duryodhana']","Wise counsel repeatedly warns against policies that increase internal conflict, but the advice is not followed.",Handling decision-making when leaders receive credible but inconvenient advice.,Vidura gives warnings while the leadership continues to favor other counsel.,The conflict worsens and the consequences become harder to avoid.,Governance / Decision Making,A leadership team repeatedly ignores credible internal warnings because they conflict with preferred plans.,Decision quality suffers when credible dissent is systematically excluded.,"Modern application: Decision quality suffers when credible dissent is systematically excluded. This principle should be adapted to the specific context, constraints and ethical requirements of the situation.",Mahabharata — Kisari Mohan Ganguli English translation (1883–1896); Sacred Texts Archive,https://sacred-texts.com/hin/m05/index.htm,Source checked against Ganguli translation; historical episode grounded; strategic interpretation is project-derived,SOURCE_EXPANSION_V8,Leadership/Governance,"Problem: A leadership team repeatedly ignores credible internal warnings because they conflict with preferred plans.. Challenge: Handling decision-making when leaders receive credible but inconvenient advice.. Objective: Decision quality suffers when credible dissent is systematically excluded.. Category: Leadership/Governance. Historical situation: Wise counsel repeatedly warns against policies that increase internal conflict, but the advice is not followed."
43,Bhishma Parva,6,"Bhagavad-Gita Parva, Sections XXV-XLII",Arjuna’s Crisis and the Bhagavad Gita,"['Arjuna', 'Krishna']",Arjuna becomes unable to act because the decision carries severe personal and moral consequences.,Making a difficult decision when competing duties and emotional pressures conflict.,"Krishna helps Arjuna examine duty, action, knowledge and consequences before acting.",Arjuna regains clarity and proceeds with the required action.,Ethics / Decision Making,A person faces a difficult professional decision where personal concerns conflict with role responsibilities.,"Structured reflection on duties, consequences and values can reduce decision paralysis.","Modern application: Structured reflection on duties, consequences and values can reduce decision paralysis. This principle should be adapted to the specific context, constraints and ethical requirements of the situation.",Mahabharata — Kisari Mohan Ganguli English translation (1883–1896); Sacred Texts Archive,https://sacred-texts.com/hin/m06/index.htm,Source checked against Ganguli translation; historical episode grounded; strategic interpretation is project-derived,SOURCE_EXPANSION_V8,Ethics/Decision Making,"Problem: A person faces a difficult professional decision where personal concerns conflict with role responsibilities.. Challenge: Making a difficult decision when competing duties and emotional pressures conflict.. Objective: Structured reflection on duties, consequences and values can reduce decision paralysis.. Category: Ethics/Decision Making. Historical situation: Arjuna becomes unable to act because the decision carries severe personal and moral consequences."
44,Bhishma Parva,6,Bhishma’s fall sections,The Fall of Bhishma,"['Bhishma', 'Arjuna', 'Shikhandi', 'Krishna']",The Pandavas face an opponent whose strength makes direct neutralization difficult.,Finding a viable strategy against a highly capable opponent without relying on brute force alone.,The Pandavas use Shikhandi in the battle plan because of Bhishma’s stated constraints.,Bhishma is brought down from the field.,Strategy / Constraint Management,A project faces a competitor or obstacle whose strengths make direct competition inefficient.,Effective strategy can exploit constraints and choose a favorable interaction rather than confronting maximum strength directly.,"Modern application: Effective strategy can exploit constraints and choose a favorable interaction rather than confronting maximum strength directly. This principle should be adapted to the specific context, constraints and ethical requirements of the situation.",Mahabharata — Kisari Mohan Ganguli English translation (1883–1896); Sacred Texts Archive,https://sacred-texts.com/hin/m06/index.htm,Source checked against Ganguli translation; historical episode grounded; strategic interpretation is project-derived,SOURCE_EXPANSION_V8,Strategy,Problem: A project faces a competitor or obstacle whose strengths make direct competition inefficient.. Challenge: Finding a viable strategy against a highly capable opponent without relying on brute force alone.. Objective: Effective strategy can exploit constraints and choose a favorable interaction rather than confronting maximum strength directly.. Category: Strategy. Historical situation: The Pandavas face an opponent whose strength makes direct neutralization difficult.
45,Drona Parva,7,"Abhimanyu-badha Parva, Sections XXXI-XL",Abhimanyu and the Chakravyuha,"['Abhimanyu', 'Arjuna', 'Drona', 'Jayadratha']",Abhimanyu enters a complex formation with incomplete knowledge of how to exit it while the opposing side restricts support.,Making a decision under incomplete information and asymmetric access to support.,Abhimanyu commits to the objective despite incomplete knowledge of the full maneuver.,He becomes isolated and is ultimately killed after being surrounded.,Uncertainty / Strategy,A team enters a complex project with incomplete knowledge and limited access to support.,"Before entering a complex environment, verify both entry and exit conditions and identify support dependencies.","Modern application: Before entering a complex environment, verify both entry and exit conditions and identify support dependencies. This principle should be adapted to the specific context, constraints and ethical requirements of the situation.",Mahabharata — Kisari Mohan Ganguli English translation (1883–1896); Sacred Texts Archive,https://sacred-texts.com/hin/m07/index.htm,Source checked against Ganguli translation; historical episode grounded; strategic interpretation is project-derived,SOURCE_EXPANSION_V8,Uncertainty/Decision Making,"Problem: A team enters a complex project with incomplete knowledge and limited access to support.. Challenge: Making a decision under incomplete information and asymmetric access to support.. Objective: Before entering a complex environment, verify both entry and exit conditions and identify support dependencies.. Category: Uncertainty/Decision Making. Historical situation: Abhimanyu enters a complex formation with incomplete knowledge of how to exit it while the opposing side restricts support."
46,Drona Parva,7,Dronabhisheka and Drona-vadha sections,Drona’s Command and Neutralization,"['Drona', 'Krishna', 'Yudhishthira', 'Ashwatthaman']","Drona’s battlefield capability makes him difficult to stop directly, and the opposing side searches for another way to change the situation.",Responding to a highly capable adversary whose direct neutralization is difficult.,The Pandavas use information about Ashwatthaman to affect Drona’s willingness to continue fighting.,Drona lays down his weapons and is killed.,Strategy / Information,A team faces an opponent whose direct capability is difficult to counter.,"Information can alter strategic behavior, but its use requires careful consideration of accuracy and ethics.","Modern application: Information can alter strategic behavior, but its use requires careful consideration of accuracy and ethics. This principle should be adapted to the specific context, constraints and ethical requirements of the situation.",Mahabharata — Kisari Mohan Ganguli English translation (1883–1896); Sacred Texts Archive,https://sacred-texts.com/hin/m07/index.htm,Source checked against Ganguli translation; historical episode grounded; strategic interpretation is project-derived,SOURCE_EXPANSION_V8,Strategy,"Problem: A team faces an opponent whose direct capability is difficult to counter.. Challenge: Responding to a highly capable adversary whose direct neutralization is difficult.. Objective: Information can alter strategic behavior, but its use requires careful consideration of accuracy and ethics.. Category: Strategy. Historical situation: Drona’s battlefield capability makes him difficult to stop directly, and the opposing side searches for another way to change the situation."
47,Karna Parva,8,Arjuna-Karna battle sections,Arjuna and Karna’s Final Duel,"['Arjuna', 'Karna', 'Krishna', 'Shalya']","The two principal warriors face a decisive confrontation while equipment, terrain and timing affect the encounter.",Managing a high-stakes decision under changing operational constraints.,Krishna responds to changing battlefield conditions while Arjuna maintains focus on the objective.,Karna is defeated in the final confrontation.,Decision Making / Risk,A team faces a high-stakes decision where conditions can change during execution.,Monitor changing constraints during execution rather than treating the original plan as fixed.,"Modern application: Monitor changing constraints during execution rather than treating the original plan as fixed. This principle should be adapted to the specific context, constraints and ethical requirements of the situation.",Mahabharata — Kisari Mohan Ganguli English translation (1883–1896); Sacred Texts Archive,https://sacred-texts.com/hin/m08/index.htm,Source checked against Ganguli translation; historical episode grounded; strategic interpretation is project-derived,SOURCE_EXPANSION_V8,Risk Management,"Problem: A team faces a high-stakes decision where conditions can change during execution.. Challenge: Managing a high-stakes decision under changing operational constraints.. Objective: Monitor changing constraints during execution rather than treating the original plan as fixed.. Category: Risk Management. Historical situation: The two principal warriors face a decisive confrontation while equipment, terrain and timing affect the encounter."
48,Shalya Parva,9,Final battle sections,Bhima and Duryodhana’s Mace Duel,"['Bhima', 'Duryodhana', 'Krishna', 'Balarama']",The final duel is governed by known rules and both opponents have different strengths.,Competing under explicit constraints while adapting to an opponent’s strengths.,Bhima and Krishna account for Duryodhana’s physical advantage and the rules of the duel.,Bhima defeats Duryodhana.,Strategy / Constraint Management,Two teams compete under fixed rules while each has different strengths.,A strategy should account for both formal constraints and the opponent’s strongest capability.,"Modern application: A strategy should account for both formal constraints and the opponent’s strongest capability. This principle should be adapted to the specific context, constraints and ethical requirements of the situation.",Mahabharata — Kisari Mohan Ganguli English translation (1883–1896); Sacred Texts Archive,https://sacred-texts.com/hin/m09/index.htm,Source checked against Ganguli translation; historical episode grounded; strategic interpretation is project-derived,SOURCE_EXPANSION_V8,Strategy,Problem: Two teams compete under fixed rules while each has different strengths.. Challenge: Competing under explicit constraints while adapting to an opponent’s strengths.. Objective: A strategy should account for both formal constraints and the opponent’s strongest capability.. Category: Strategy. Historical situation: The final duel is governed by known rules and both opponents have different strengths.
49,Sauptika Parva,10,Sections I-IX,Ashvatthama’s Night Attack,"['Ashvatthama', 'Kripa', 'Kritavarman']","After the main battle, Ashvatthama chooses a night attack against a vulnerable camp.",Deciding whether to act immediately after a major conflict when the target is vulnerable but the action carries severe consequences.,Ashvatthama chooses a surprise night attack rather than waiting.,The attack causes extensive destruction and creates further consequences.,Risk / Ethics,A team can exploit a temporary vulnerability but must consider long-term consequences and legitimacy.,Short-term tactical advantage can create severe long-term costs when ethical and reputational consequences are ignored.,"Modern application: Short-term tactical advantage can create severe long-term costs when ethical and reputational consequences are ignored. This principle should be adapted to the specific context, constraints and ethical requirements of the situation.",Mahabharata — Kisari Mohan Ganguli English translation (1883–1896); Sacred Texts Archive,https://sacred-texts.com/hin/m10/index.htm,Source checked against Ganguli translation; historical episode grounded; strategic interpretation is project-derived,SOURCE_EXPANSION_V8,Risk Management,"Problem: A team can exploit a temporary vulnerability but must consider long-term consequences and legitimacy.. Challenge: Deciding whether to act immediately after a major conflict when the target is vulnerable but the action carries severe consequences.. Objective: Short-term tactical advantage can create severe long-term costs when ethical and reputational consequences are ignored.. Category: Risk Management. Historical situation: After the main battle, Ashvatthama chooses a night attack against a vulnerable camp."
50,Santi Parva,12,Rajadharma sections,Yudhishthira’s Postwar Governance Counsel,"['Yudhishthira', 'Bhishma']","After a devastating conflict, Yudhishthira seeks guidance on governing and restoring order.",Rebuilding institutions and governance after a major crisis.,"Bhishma provides extensive counsel on duties of rulers, administration and protection of subjects.",Yudhishthira receives guidance for governing the kingdom.,Governance / Crisis Management,An organization or institution must rebuild governance and processes after a major crisis.,"Post-crisis recovery requires explicit responsibilities, fair administration and attention to the welfare of stakeholders.","Modern application: Post-crisis recovery requires explicit responsibilities, fair administration and attention to the welfare of stakeholders. This principle should be adapted to the specific context, constraints and ethical requirements of the situation.",Mahabharata — Kisari Mohan Ganguli English translation (1883–1896); Sacred Texts Archive,https://sacred-texts.com/hin/m12/index.htm,Source checked against Ganguli translation; historical episode grounded; strategic interpretation is project-derived,SOURCE_EXPANSION_V8,Leadership/Governance,"Problem: An organization or institution must rebuild governance and processes after a major crisis.. Challenge: Rebuilding institutions and governance after a major crisis.. Objective: Post-crisis recovery requires explicit responsibilities, fair administration and attention to the welfare of stakeholders.. Category: Leadership/Governance. Historical situation: After a devastating conflict, Yudhishthira seeks guidance on governing and restoring order."
